timestamp	url_slug	raw_bytes	body_bytes	encoding	body_sha256	kind	title
20190823220821	https_gsmg.io_register_referral_d9ba360af68f6b2dab0642dee4d28118	10898	10898	identity	e7352debc9a4de6a2ef9dcb33d99749da0c7536aedc66267c98205d070d835eb	html	GSMG
20191007084644	https_gsmg.io_favicon.png	1887	1887	identity	d493af9e0caaf05a3707ba3f97d92b56813cb183c94c4a63e313edfaf36c362a	png	
20191007084644	https_gsmg.io_manifest.json	177	177	identity	ba42744133eb03bd9dbea5141ab4f766908acce06562001e8bea78bfa85af2c0	other	
20191014081032	https_gsmg.io_register_referral_d9ba360af68f6b2dab0642dee4d28118	13058	13058	identity	a3d18da1594e4a31bb9a151d60f5d588b6a1ada3de6a5b5cc663404365eee07a	html	GSMG
20200618053004	https_gsmg.io_register_referral_143fc8a1fbbf6e5b0a50b2cea4ce89b3	14823	14823	identity	2c36ed75e01965054c7d3d5237a42e91b49e96dd1671782c64039ecbbfb3d9eb	html	GSMG
20200618053016	https_gsmg.io_css_app.css_id_54d347cb44a109d1f93a	326	326	identity	55c934f51e5985b026e4b5c7fc8c3a0c47f6356be57dac957bc0defdbd362a3e	other	
20200618053016	https_gsmg.io_favicon.ico	0	0	identity	e3b0c44298fc1c149afbf4c8996fb92427ae41e4649b934ca495991b7852b855	other	
20200618053017	https_gsmg.io_js_vendor.js_id_df6f27b7abfd26c511cc	2865512	2865512	identity	a7952377c2acead0c73bd12a904f321326c75935589e3b6b7f7e7af7984ed17d	js	
20200618053021	https_gsmg.io_js_app.js_id_3c87680579b1d9320016	1175385	1175385	identity	2b0ac1e3d131b79e02875081b2c9ee79eba355a400b0b4cbe99ed43d432abcd8	js	
20200618053045	https_gsmg.io_register_referral_143fc8a1fbbf6e5b0a50b2cea4ce89b3	14823	14823	identity	2c36ed75e01965054c7d3d5237a42e91b49e96dd1671782c64039ecbbfb3d9eb	html	GSMG
20200807235639	https_gsmg.io_register_referral_d9ba360af68f6b2dab0642dee4d28118	14808	14808	identity	1c2fbf301e0a85898f0de84cd7050fbabec537e896ed8d0deea2428f0f7a15fe	html	GSMG
20200808004015	https_gsmg.io_	14808	14808	identity	6065408beaccf0be0df5f2d935f630b811106667e3beb59cd29a3d79488ea2dd	html	GSMG
20200914224801	http_gsmg.io_robots.txt	24	24	identity	e5c4b84484ee4216e9373be99380320c25dd94805f99f0a805846f087636553f	other	
20200924190218	https_gsmg.io_	14808	14808	identity	f32ef3bf5f3c33ec8a7fbfb7645423625e6bb1bc2409c7057f5e3601835678fb	html	GSMG
20201028130318	https_gsmg.io_	14807	14807	identity	656de69a6827c51f5be40fdec10843453756a2e7fd918cec6e30a876e4af4454	html	GSMG
20201029222450	https_gsmg.io_register_referral_d9ba360af68f6b2dab0642dee4d28118	14807	14807	identity	5a00841660f667a716f7ed952f5b884817dd53aa965d0a57781598dcead8b078	html	GSMG
20201029230724	https_gsmg.io_	14807	14807	identity	656de69a6827c51f5be40fdec10843453756a2e7fd918cec6e30a876e4af4454	html	GSMG
20201031235329	https_gsmg.io_register_refer	14807	14807	identity	b505b51ebc9e6e0652542f65269372567abcbc32b8e5414d9fc68edad0547018	html	GSMG
20201106121455	https_gsmg.io_	14807	14807	identity	d63290c0378ded3c4e331afe9d6889c0d0e80a22f7a0cb6648823605a75d3073	html	GSMG
20201109085204	https_gsmg.io_Puzzle	29931	29931	identity	38125bbdf1ea58b9b30b075bc6bf71e4089d04bba37098317e47097e2f2a1830	png	
20201109085207	https_gsmg.io_js_app.js_id_384662103b188735b766	412477	2387286	br	a56d7f2935eacbcc86a7910aa02a32d4ef0934cd4a1c307d81238762befa0f6a	js	
20201109085220	https_gsmg.io_favicon.png	1887	1887	identity	d493af9e0caaf05a3707ba3f97d92b56813cb183c94c4a63e313edfaf36c362a	png	
20201112011308	https_gsmg.io_puzzle	29931	29931	identity	38125bbdf1ea58b9b30b075bc6bf71e4089d04bba37098317e47097e2f2a1830	png	
20201112015439	https_gsmg.io_choiceisanillusioncreatedbetweenthosewithpowerandthosewithoutaveryspecialdessertiwroteitmyself	9232	9232	identity	32a531bf8b03b5d1d7699f765ab62698b61f11fd51d2d9a6f3a59dd09549844f	html	GSMG Puzzle
20201115074715	https_gsmg.io_img_follow_the_white_rabbit.png	1958	1958	identity	5e8d84b88f8f829428df5d2a8bf36c7268346f169b799ac7570b6223990d204f	png	
20201115075203	https_gsmg.io_img_black_banking_20-_20war.png	996	996	identity	907b489f6e77a828595805d7e370535a0aa85697ca951e0e09553e6c9a3410d2	png	
20201115075203	https_gsmg.io_img_blue_ca.png	627	627	identity	e59d42e85997d395d41eaad6fb64f343eadb752918bf33098093e96a8a9dd8be	png	
20201115075203	https_gsmg.io_img_blue_dig_i.png	1030	1030	identity	a6889a2e090d32920e47124f0187d2e61979409f9bb32a09bf0c990db56d05f9	png	
20201115075203	https_gsmg.io_img_red_crypto_gic.png	1642	1642	identity	8aad87b987ee7d8ee8c7884ba47abc022cb31753fd1a16a7e59101e50dd4a6f6	png	
20201115075203	https_gsmg.io_img_red_open_lock_n_ing.png	963	963	identity	ea1cd545040c051a62e7695eb2dd2ad983be26849b54cd686feea12b11f3d203	png	
20201115075203	https_gsmg.io_img_red_t.png	506	506	identity	86fb2eff01d3b4f25e7bd9c64c736ce0ffd0e129b8c77fab81aac5d02fd04d35	png	
20201115075204	https_gsmg.io_img_blue_lock_lo.png	783	783	identity	60b01e5bc4181ed4236df736f7f7841aa98dde1aac108d65a385f5dc7a97cc6b	png	
20201202082956	https_gsmg.io_img_red_n_you.png	863	863	identity	89a81a1b30cc399ca77dde6ffa2b01d0807e8db9b22636d157ca9f54eaf86aeb	png	
20201204143931	https_gsmg.io_	14807	14807	identity	cfbf1fe68b9446e8f3f14d0024aa816351625d27a757c6c404f51f51dc933097	html	GSMG
20201227031701	https_gsmg.io_register_referral_6788b57f79cc6be184fade3ff30632d8	14807	14807	identity	d305a13efa85ce91c8d6d942781b1b80d5b9364d7b67129a22879f9eb817a473	html	GSMG
20210124151709	https_gsmg.io_register_referral_d9ba360af68f6b2dab0642dee4d28118	14807	14807	identity	b84538a99ac76b115646544e51620666a2ab33e8afa2079c1b189eae71398fc5	html	GSMG
20210124161540	https_gsmg.io_	14807	14807	identity	8bc4d5462c06a0f3ac452236f4be9c26529fc1a7527b38e822ed1ac24fa5e0d0	html	GSMG
20210227162102	https_gsmg.io_	14807	14807	identity	e2f37e83b162828f616c515ec09c514fe7d32a0b5ccba968723863030e8b7403	html	GSMG
20210308175047	https_gsmg.io_register	14807	14807	identity	1c5092baebe0aff3b8dae438aad1ff84d2dcf0fae7044042a897bdaf72d24390	html	GSMG
20210322042727	https_gsmg.io_js_app.js_id_e617c94d1ac6f7e11125	1214681	1214681	identity	3be21c4584db5c239d82c9d8196cd9ccb5d8052b0c144fc67d6088829b208f29	js	
20210322042835	https_gsmg.io_api_v1_subscriptions	1595	23123	gzip	744a5fc8a0e026584bf8da11722a7c7c283e7360c7bc099c2b03e1ce0c78f077	other	
20210328143007	https_gsmg.io_js_app.js_id_a7e420e131c27aabbd61	1214681	1214681	identity	3be21c4584db5c239d82c9d8196cd9ccb5d8052b0c144fc67d6088829b208f29	js	
20210423105710	https_gsmg.io_	14807	14807	identity	ab609ac5fda514162525caff470b59cb9c1f0885bb4a2a8a04943547b376c761	html	GSMG
20210508105317	https_gsmg.io_	14807	14807	identity	48af6d617a0b790fbb8352fe73c1dddc583381a5817c2a515b6478696523d065	html	GSMG
20210613110343	https_gsmg.io_register_referral_d9ba360af68f6b2dab0642dee4d28118	14807	14807	identity	b99bfebec8e6ed98dafc00149a3c63cd58d54f379da35194ba75cf7ce81624de	html	GSMG
20210613115323	https_gsmg.io_	14807	14807	identity	b2947cd1eb82bc94c00fb41409942a8413ee901cd5ba9b5fdf1396fce2eceba1	html	GSMG
20210701101011	https_gsmg.io_	14807	14807	identity	5987b8fd0dd94c4cd2e765b4bf56d7a485b9cd08cd24156244dc11ba9a2bd086	html	GSMG
20210704071327	http_www.gsmg.io_js_app.js_id_2da81fd7023750ca37a6	326	326	identity	f28c02225e48f75b0a6840f2c02c1d87f0e79369345a7f47857b2d886760e88e	js	
20210724051151	https_gsmg.io_	14807	14807	identity	d13e0000515a4278a9615893bc37c131762fa0c051c1b1748f7f2dbfe87937e8	html	GSMG
20210730111813	https_gsmg.io_js_app.js_id_6b02af02d30efb0d4f02	1311667	1311667	identity	ff0674b120c409c3e9de44641d79a8320c9ac01175420f4c654987eace346ba2	js	
20210730111817	https_gsmg.io_js_app.js_id_b70d6e720ecd86c7b11b	1311667	1311667	identity	ff0674b120c409c3e9de44641d79a8320c9ac01175420f4c654987eace346ba2	js	
20210730112139	https_gsmg.io_api_v1_subscriptions_market-features	1809	1809	identity	16dcf0cff143d784b2566b7a24d28d2ff2c49879d0ac6422dd4569178708cae4	other	
20210926222834	https_gsmg.io_	25721	25721	identity	88c48d7d36b84101c4da118edde2e223f271261ab579323d71ab7571d2e7a341	html	GSMG
20211027103318	https_gsmg.io_	29796	29796	identity	177dc59afcabaa27605adfa3d97ac41b16da0f5256135c770d8f232e21fcabed	html	GSMG
20211123214648	https_gsmg.io_register_referral_VqgpFRzE3i3GvB08KBsH1PLDGpdBRmnZ	31018	31018	identity	5995bb837c4d939b98fc5bbe9f72a0cf2a476ba1fb6d35f8b815ad104c4b8e20	html	GSMG
20211123215746	https_gsmg.io_js_app.js	1808414	1808414	identity	d0b5df32c1e2680353cef47c02b1910123ec05fb0d2ea8cbb90ebfbbced23d79	js	
20211123223029	https_gsmg.io_js_manifest.js	3876	3876	identity	cc4ecee51f2185c0cc81c6c9b6f53692125e7c2e1477c1d258da0c6191e146d7	js	
20211123225733	https_gsmg.io_css_app.css_id_3d440e507ce82e9e50f6	23612	23612	identity	bb24ad837863b0b465d34fc384b40379fb910c2bcfdd8b607dcf057f5612cf3d	other	
20211123225940	https_gsmg.io_css_app.css	23612	23612	identity	bb24ad837863b0b465d34fc384b40379fb910c2bcfdd8b607dcf057f5612cf3d	other	
20211127045237	https_gsmg.io_register_referral_Zreq6pVMLBzcVMhIORFiEnH5MOQUROPj	32616	32616	identity	052fca2a22b0120fe82ad5227df5a0c4eb489c3b4d9762ec2162bd6bbf9d73a3	html	GSMG
20211127045404	https_gsmg.io_js_app.js_id_8253c1c77d21504daa07	1791573	1791573	identity	69c0d00032875c213c8ce57d5e889ec70da5ef958f4bdfbec4672f203fce514e	js	
20211203013427	https_gsmg.io_	32616	32616	identity	170d6f7e73e0ea2ff780aa7498daf5c97b340eae50d8fdea123bde4d7b4bdad0	html	GSMG
20211204112743	https_gsmg.io_js_app.js_id_bc54cad730a1ed1004d7	1814068	1814068	identity	c708244ebdc9b4c7166e802e57655a0db71e413d2d41e70810c0d229156953ac	js	
20220119045842	https_gsmg.io_register_referral_1477613b683dfeae6d97ac123eed0b74	35253	35253	identity	ee2d3cc6c598176df3fae8651a04206cf644903f27a954a44d0166af23f534d3	html	GSMG
20220119051337	https_gsmg.io_	35253	35253	identity	18a51995e89c3004ec471455a0a1ae030538911472eb1085fbac7144ccb7bbcb	html	GSMG
20220126094004	https_gsmg.io_	35972	35972	identity	c40f28b15781d7dceb5e6f9a0ac3d4c959406ff3f782e338336eb73a313ef94a	html	GSMG
20220126094106	https_gsmg.io_js_app.js_id_b110b63d2e19bcb3c93a	2038569	2038569	identity	750325eadb34ae16d1964f8e25af5479f366d1552ba6c87d8c04a4bb0cc24569	js	
20220127133311	https_gsmg.io_	35972	35972	identity	fd3758c078531d6058276ddec9f8b6ea08bb7ff1750b620f2e13b1c3923e83fa	html	GSMG
20220317041620	http_www.gsmg.io_robots.txt	24	24	identity	e5c4b84484ee4216e9373be99380320c25dd94805f99f0a805846f087636553f	other	
20220324203837	https_gsmg.io_register_referral_SRecIkC490BWYbL4IfoPiKj6egAl70ct	35972	35972	identity	7c7a881a280883cf5aca543e12c95f33799587edf8c1b20790080606fc452e88	html	GSMG
20220416081026	https_gsmg.io_js_app.js_id_d44a5170897263a60dc7	2034988	2034988	identity	5600cd8c6f90e18b26780eb3b196edc57f0e8706c9d0bd8c1caa6287947f96b4	js	
20220418105210	https_gsmg.io_	35972	35972	identity	14ed48685fc4a2cb74870b997e884edcc6ba0769f1fb235bb558a45af582ff32	html	GSMG
20220418105230	https_gsmg.io_js_app.js_id_bb0b1121f5814470bc5b	2034988	2034988	identity	5600cd8c6f90e18b26780eb3b196edc57f0e8706c9d0bd8c1caa6287947f96b4	js	
20220524212858	https_gsmg.io_register_referral_d9ba360af68f6b2dab0642dee4d28118	35972	35972	identity	660b43354323a170714d1106f5cd7def9d1e84cca785e6d957a339d5d5313623	html	GSMG
20220524222051	https_gsmg.io_	35972	35972	identity	c1ffad008090f61d0bc7129b73b56f5ddf8824c05e037ef7f3ec698f77ed65ce	html	GSMG
20220704032901	https_gsmg.io_	35972	35972	identity	9a42593c4958029db14f0584e9d555bba004f4d071f69c3169cebab0b5efae28	html	GSMG
20220706220802	https_gsmg.io_img_menu_burger_menu.svg	180	223	gzip	190dc3c05b6802bc02c3aebfadb41ecca91527e14f0bfd42e0c401b1c9c7f571	svg	
20220706220806	https_gsmg.io_img_menu_help_center.svg	332	723	gzip	41bf1cd55a0035ee6a7b0919957281274eef9f61edd9129b3af1c3cf6344d604	svg	
20220706222906	https_gsmg.io_img_menu_logout.svg	713	1672	gzip	03680d6ebff5a27f32cbba0b68a6e8eaeed68845f8bfc9026c8073e3b96e1a5d	svg	
20220814071533	https_gsmg.io_	35972	35972	identity	51e29c1a72c5fa673e69f7b8537f971a191ad84ec95c6418ee84566fb0ffced9	html	GSMG
20220821211814	https_gsmg.io_	35972	35972	identity	0b83cbcadd8074d84d3c7f401126fb813812feec1c1a49ab9bc23ef42726b341	html	GSMG
20220821211815	https_gsmg.io_register	35972	35972	identity	fe9fc99c30d6b3c80046c4b9bd01d948a778ac1fb4993da588ef85e995744850	html	GSMG
20220929213156	https_gsmg.io_	35972	35972	identity	64a19cbf5ca35d26d97becd7ae00eb00111cf498d5bf806c1904cd3b5ca64195	html	GSMG
20221005092537	https_gsmg.io_	35972	35972	identity	2c27db14ea2d588a368613e5e068bbd0dbd3f74e6221baeef5d3475cfcaab084	html	GSMG
20221005104252	https_gsmg.io_	35972	35972	identity	875a5a6012980735d80a7f2815a8381675354fecb9a5e395e03038a367fe1f57	html	GSMG
20221027091704	https_gsmg.io_js_app.js_id_74ae65d33ad56166d454	2380273	2380273	identity	08e8f7f2714f4e08bc1b2e047ecfc0adc3dfeee9d1f86aee5d588787c0e3bf38	js	
20221118034139	https_gsmg.io_register_referral_af12FQcNwhesWOCEWprBSKlriwgThYmr	35976	35976	identity	f66652e852c0d036673429d93451cdd4eed5b07a5ce50566719eb89141463cb9	html	GSMG
20221118035443	https_gsmg.io_	35976	35976	identity	f3e0666b12bcfbea53a76ea6e33cea6cac8d47c33e854b36783bf3960d4323d2	html	GSMG
20221118040510	https_gsmg.io_js_app.js_id_2892b6892b9b485b869c	2387514	2387514	identity	811135c3382b480a9511ed146615eb52500f458936df32a979ca6c98c5ec7256	js	
20221127152324	https_gsmg.io_register_referral_d9ba360af68f6b2dab0642dee4d28118	35976	35976	identity	f7573bd5c9bc69c26b7345f67f821a4521ac2ead78bf5d0397888a65892c9676	html	GSMG
20221127160359	https_gsmg.io_register_referral_1477613b683dfeae6d97ac123eed0b74	35976	35976	identity	79152cbe27a85d70e92a0155ac23ce28ca5e0c3a51168b40fc169aa6951bea8b	html	GSMG
20221127161223	https_gsmg.io_referral	35976	35976	identity	0ebdbe3446392d46d6c12e4d235f0f780dded7765839a6b91a3e48b86e85c802	html	GSMG
20221127162029	https_gsmg.io_	35976	35976	identity	8f8314a7e220af98e46fbff4eadbf69ee535e414f3ed8bb974b43bb1ffd03563	html	GSMG
20221223013654	https_gsmg.io_choiceisanillusioncreatedbetweenthosewithpowerandthosewithoutaveryspecialdessertiwroteitmyself	9232	9232	identity	488f4cb4aac55a0839926db8f105eb2fd0f8c24a82ec7cfcbc8454a934452b77	html	GSMG Puzzle
20221223013850	https_gsmg.io_	35976	35976	identity	9edccb293d345c66dd7d9926bf12645be6180d5f32ce62f9bdab5a3292cd882b	html	GSMG
20221226043022	https_gsmg.io_choiceisanillusioncreatedbetweenthosewithpowerandthosewithoutaveryspecialdessertiwroteitmyself_0A	9232	9232	identity	488f4cb4aac55a0839926db8f105eb2fd0f8c24a82ec7cfcbc8454a934452b77	html	GSMG Puzzle
20221227104334	https_gsmg.io_puzzle_0A	29931	29931	identity	38125bbdf1ea58b9b30b075bc6bf71e4089d04bba37098317e47097e2f2a1830	png	
20230118092412	https_gsmg.io_	35976	35976	identity	24956d46b782cd45f7061e0ddcc14d4b3aecb2e456a2800936f49f993799de1e	html	GSMG
20230203235558	https_gsmg.io_	35976	35976	identity	52f4a0dc0d71f0da6b7653159fbda5663bf4957edecef670e6c6fc49b73f05a8	html	GSMG
20230310041928	https_gsmg.io_js_app.js_id_2d0873fac3bba9de6e2d	2387514	2387514	identity	811135c3382b480a9511ed146615eb52500f458936df32a979ca6c98c5ec7256	js	
20230310041948	https_gsmg.io_img_divider.svg	153	153	identity	ada48a8d836e91831096f30c1aee88d00f665adb49418d85b8fb8e0e27bd11e4	svg	
20230310041949	https_gsmg.io_img_menu_global_statistics.svg	1043	1043	identity	e9cd2688335552b37fb1b3c7fcf6d574ce552cab6efbd678f4885cb6d47e72e4	svg	
20230310041956	https_gsmg.io_img_favicon_small.svg	885	885	identity	005da0bb8fb64abd76d6b5c203f68cb6b2b80daa99b3b6e40ba1ee3b85e8edb4	svg	
20230327093428	https_gsmg.io_	35976	35976	identity	45976e697f9a82a12079d92c90a5b04602f519b656c1fea68d9353073fc394f3	html	GSMG
20230329201732	https_gsmg.io_	35976	35976	identity	69400dbece62668eb1cb5b3dcbf4b4475319d3e2dffcefe6d636a73c34f2df4e	html	GSMG
20230402191755	https_gsmg.io_7Bq_7D	35976	35976	identity	98fd34514e33e6c6ce4b9e79363e1d1d7ec419a599ab0b073796753d96b2e4b5	html	GSMG
20230404121115	https_gsmg.io_	35976	35976	identity	5e62fe50782b431b861027591355e3a6306bcc4fc6974907193765c0aabf4d76	html	GSMG
20230517021127	https_gsmg.io_	35976	35976	identity	2fc5c017fe37a180f4b11d4f37b2677b70231bc3520fe0145fb5d76a5078d80e	html	GSMG
20230521175017	https_gsmg.io_register_referral_ONJbJxesbXKZR7X20Pqjg3LxHzela9rC	35976	35976	identity	cb6144ab0b8ed21abad26b9eafb3cf12b400dae80a3f9bde2755dbb433c7e51d	html	GSMG
20230609220625	https_gsmg.io_	35976	35976	identity	f706dc49eab1aa60f4a9d6584d938a5951b12855672d0d4af481969354c5018d	html	GSMG
20230624065648	https_gsmg.io_img_front_bg.svg	11228	11228	identity	5e4dac512b5198b5b6019e7b4082b40339675179d9b9dc8e626756a50b72c91c	svg	
20230624065649	https_gsmg.io_img_front_top_gsmg.svg	7189	7189	identity	4dcbc1a1ce8e97f8f1bdbb57d765f96dcf5fec582ec89d171b039424b87ceee0	svg	
20230624065650	https_gsmg.io_img_front_binance.svg	4359	4359	identity	9c3029787d79e7c64f89b14bf87584f0f668b048bd3f3da152a432b236f0b5be	svg	
20230624065650	https_gsmg.io_img_front_safe.svg	1177	1177	identity	0395c717824957f020e1f0c9e50b2710b4dafafbd672afc9d55e88c7489f8b90	svg	
20230624065651	https_gsmg.io_img_front_fee.svg	1431	1431	identity	3e02bd761786851c037bd0651a58657cfef574b955da29fb075666f6a7387def	svg	
20230624065651	https_gsmg.io_img_front_stress.svg	964	964	identity	bd4d180285af33f2ec642e13e09a9414a045f570c78f830e5029031db43881fd	svg	
20230626163906	https_gsmg.io_img_front_bg_1920.svg	11370	11370	identity	dc8fa8a4932dde6a6df57319ad1b7f62fcec1b4bef94503563a1a510170f1937	svg	
20230718041248	https_gsmg.io_img_front_bittrex.svg	5001	5001	identity	3319d9e8a8154237a9b40b35c9961fddcedc83b5ad5f61305a02d9b4bc938d5e	svg	
20230718041248	https_gsmg.io_img_front_huobi.svg	3037	3037	identity	df90f56c8685b6d3d03dd1d29d114d29a6ff1227ce9b56c4a7c3e418708360f1	svg	
20230718041255	https_gsmg.io_img_front_easy.svg	2229	2229	identity	3b50fb0c5f5420e326d743d6f83bdb543bf513b7f8b3e4ab0ff1300ea794414b	svg	
20230718042838	https_gsmg.io_img_eye-icon.svg	2146	2146	identity	92155b22b6938b91f352ba9c77c0ad4b542e2860ca46b8c8df8f18592e78fc0e	svg	
20230721092903	https_gsmg.io_img_background-center.png	202173	202173	identity	ad9acb46c81e7a92ed454580a63263dbefd20feb0a9aae17808fe6fef5a22400	png	
20230908000102	https_gsmg.io_css_app.css_id_3d440e507ce82e9e50f6	2473	23612	gzip	bb24ad837863b0b465d34fc384b40379fb910c2bcfdd8b607dcf057f5612cf3d	other	
20230908000102	https_gsmg.io_js_app.js_id_2892b6892b9b485b869c	2387514	2387514	identity	811135c3382b480a9511ed146615eb52500f458936df32a979ca6c98c5ec7256	js	
20230908000102	https_gsmg.io_js_manifest.js_id_bb58468fac8d92ddbd39	1095	3876	gzip	cc4ecee51f2185c0cc81c6c9b6f53692125e7c2e1477c1d258da0c6191e146d7	js	
20230908000102	https_gsmg.io_js_vendor.js_id_df6f27b7abfd26c511cc	561512	2865512	gzip	a7952377c2acead0c73bd12a904f321326c75935589e3b6b7f7e7af7984ed17d	js	
20230908000102	https_gsmg.io_phase1verification	10236	36627	gzip	f9df7aee15de2cd0f3bc872ea938a83d6abaf078dfa29eb89dfddd377f594fb2	html	GSMG
20230908000105	https_gsmg.io_img_divider.svg	153	153	identity	ada48a8d836e91831096f30c1aee88d00f665adb49418d85b8fb8e0e27bd11e4	svg	
20230908000105	https_gsmg.io_img_favicon_small.svg	885	885	identity	005da0bb8fb64abd76d6b5c203f68cb6b2b80daa99b3b6e40ba1ee3b85e8edb4	svg	
20230908000105	https_gsmg.io_img_menu_global_statistics.svg	1043	1043	identity	e9cd2688335552b37fb1b3c7fcf6d574ce552cab6efbd678f4885cb6d47e72e4	svg	
20230908000105	https_gsmg.io_img_menu_logout.svg	713	1672	gzip	03680d6ebff5a27f32cbba0b68a6e8eaeed68845f8bfc9026c8073e3b96e1a5d	svg	
20230922223140	https_gsmg.io_	35976	35976	identity	deb4ca25729e3628d6b525bcdefac44db643f4c43309bac45311f64feb8e5265	html	GSMG
20231011221423	https_gsmg.io_register_referral_Zreq6pVMLBzcVMhIORFiEnH5MOQUROPj	35976	35976	identity	a8bfdfec89c6c1356f2e1047163a11e9ed0b3516131ae0de847c58d45a266c12	html	GSMG
20231011221458	https_gsmg.io_	35976	35976	identity	b152baf315163ce19b91fff29c8b9c886fd9d25bd4c155489291921da79cdaab	html	GSMG
20231011221519	https_gsmg.io_.well-known_gpc.json	35976	35976	identity	3ef1dae87f8b0bf5123f22ba4c43d2493a8e507dd7f4faab74e3844486205954	html	GSMG
20231011221519	https_gsmg.io_.well-known_trust.txt	35976	35976	identity	3588eb818f08a4751c49e8c85d25c015a0c0a9dd0d69a368ef7667377354e4a2	html	GSMG
20231011221520	https_gsmg.io_ads.txt	35976	35976	identity	3ef1dae87f8b0bf5123f22ba4c43d2493a8e507dd7f4faab74e3844486205954	html	GSMG
20231011221523	https_gsmg.io_.well-known_ai-plugin.json	35976	35976	identity	3ef1dae87f8b0bf5123f22ba4c43d2493a8e507dd7f4faab74e3844486205954	html	GSMG
20231011221523	https_gsmg.io_.well-known_openid-configuration	35976	35976	identity	3588eb818f08a4751c49e8c85d25c015a0c0a9dd0d69a368ef7667377354e4a2	html	GSMG
20231011221529	https_gsmg.io_.well-known_security.txt	35976	35976	identity	3ef1dae87f8b0bf5123f22ba4c43d2493a8e507dd7f4faab74e3844486205954	html	GSMG
20231011221531	https_gsmg.io_.well-known_nodeinfo	35976	35976	identity	3ef1dae87f8b0bf5123f22ba4c43d2493a8e507dd7f4faab74e3844486205954	html	GSMG
20231011221534	https_gsmg.io_app-ads.txt	35976	35976	identity	3588eb818f08a4751c49e8c85d25c015a0c0a9dd0d69a368ef7667377354e4a2	html	GSMG
20231011221536	https_gsmg.io_.well-known_dnt-policy.txt	35976	35976	identity	3588eb818f08a4751c49e8c85d25c015a0c0a9dd0d69a368ef7667377354e4a2	html	GSMG
20231011221546	https_gsmg.io_.well-known_assetlinks.json	35976	35976	identity	70e6eb10f6ab49414f966f996017c3fb1ffa4b71219838626da8f049cdcb4dd7	html	GSMG
20231127181947	https_gsmg.io_89727c598b9cd1cf8873f27cb7057f050645ddb6a7a157a110239ac0152f6a32	2667	4556	gzip	ed6c395890553a2ef3e156f91111ef0ab503951c631717cb60ab1f72858459af	html	GSMG Puzzle
20231128233612	https_gsmg.io_	35976	35976	identity	8ec292445db7eeb62f5f1f9d1a654c5d0750a36d696ae6a54a4af1f3e0b041fb	html	GSMG
20231229025458	https_gsmg.io_js_app.js_id_c0685166422feeb3b0dc	409431	2387514	br	811135c3382b480a9511ed146615eb52500f458936df32a979ca6c98c5ec7256	js	
20240205104717	https_gsmg.io_register_invite_0cVMlolnsaLaJ9iHubW8iQByWOjn3H2cnaDcJVe2qJnz4x482BcwZeZ0GnZlbi2N	35995	35995	identity	b3d8b30b27f0cf54d4a677e86be0ff70864b28830c816b4a4e13ccdd9655064b	html	GSMG
20240205104834	https_gsmg.io_	35995	35995	identity	529432af97cd81b9bf12e84882de68ed123b5fc1823d6f8512d09f7f0b3e7f96	html	GSMG
20240205105013	https_gsmg.io_js_app.js_id_fae1701cb02aa16debe9	2387286	2387286	identity	a56d7f2935eacbcc86a7910aa02a32d4ef0934cd4a1c307d81238762befa0f6a	js	
20240205105925	https_gsmg.io_.well-known_assetlinks.json	35995	35995	identity	fbe685b020f473f670e1ae9ae5c43c4fe9f108c919f15cad36797dadfa73269c	html	GSMG
20240205105930	https_gsmg.io_app-ads.txt	35995	35995	identity	f62e68920b523785f580fa620e61eeb8ba99cf1076434251052cdc44db489b59	html	GSMG
20240205105938	https_gsmg.io_.well-known_security.txt	35995	35995	identity	f62e68920b523785f580fa620e61eeb8ba99cf1076434251052cdc44db489b59	html	GSMG
20240205105941	https_gsmg.io_.well-known_ai-plugin.json	35995	35995	identity	dda2f4082e6b6c37f2c1cb0dd40d2fc4aaf529936c93c0b2374c9d47e6852b64	html	GSMG
20240205105944	https_gsmg.io_.well-known_openid-configuration	35995	35995	identity	f62e68920b523785f580fa620e61eeb8ba99cf1076434251052cdc44db489b59	html	GSMG
20240205105945	https_gsmg.io_ads.txt	35995	35995	identity	f62e68920b523785f580fa620e61eeb8ba99cf1076434251052cdc44db489b59	html	GSMG
20240205105949	https_gsmg.io_.well-known_nodeinfo	35995	35995	identity	dda2f4082e6b6c37f2c1cb0dd40d2fc4aaf529936c93c0b2374c9d47e6852b64	html	GSMG
20240205105950	https_gsmg.io_.well-known_dnt-policy.txt	35995	35995	identity	dda2f4082e6b6c37f2c1cb0dd40d2fc4aaf529936c93c0b2374c9d47e6852b64	html	GSMG
20240205105950	https_gsmg.io_.well-known_trust.txt	35995	35995	identity	dda2f4082e6b6c37f2c1cb0dd40d2fc4aaf529936c93c0b2374c9d47e6852b64	html	GSMG
20240205110020	https_gsmg.io_.well-known_gpc.json	35995	35995	identity	dda2f4082e6b6c37f2c1cb0dd40d2fc4aaf529936c93c0b2374c9d47e6852b64	html	GSMG
20240226013527	https_gsmg.io_js_app.js_id_569b6de222b42bb8c974	412477	2387286	br	a56d7f2935eacbcc86a7910aa02a32d4ef0934cd4a1c307d81238762befa0f6a	js	
20240226183209	https_gsmg.io_	35995	35995	identity	64d0ca04506f4fa4fb7926c2ffc230aef3b6cd2c360a015bf70432026ad2c918	html	GSMG
20240330211510	https_gsmg.io_	9790	35995	gzip	7c226e0a46d049ba1cda0953c0b4b48dd69561f0a8ae8342d9077b891a53ca18	html	GSMG
20240330211512	https_gsmg.io_js_app.js_id_fae1701cb02aa16debe9	453356	2387286	gzip	a56d7f2935eacbcc86a7910aa02a32d4ef0934cd4a1c307d81238762befa0f6a	js	
20240330211514	https_gsmg.io_api_v1_subscriptions	1692	26759	gzip	9729ebeb58f901560836f5c34e9a176d44efebb785f6f0d0487c0af63dbb53d2	other	
20240330211514	https_gsmg.io_img_front_bg.svg	3083	11228	gzip	5e4dac512b5198b5b6019e7b4082b40339675179d9b9dc8e626756a50b72c91c	svg	
20240330211514	https_gsmg.io_img_front_easy.svg	995	2229	gzip	3b50fb0c5f5420e326d743d6f83bdb543bf513b7f8b3e4ab0ff1300ea794414b	svg	
20240330211514	https_gsmg.io_img_front_safe.svg	592	1177	gzip	0395c717824957f020e1f0c9e50b2710b4dafafbd672afc9d55e88c7489f8b90	svg	
20240330211514	https_gsmg.io_img_front_top_gsmg.svg	3043	7189	gzip	4dcbc1a1ce8e97f8f1bdbb57d765f96dcf5fec582ec89d171b039424b87ceee0	svg	
20240330211515	https_gsmg.io_api_v1_subscriptions_market-features	452	1960	gzip	84ee91b1b986ec07a8d777b14f0ca144987b25376fb43a6a495225e59c4f1f9d	other	
20240330211515	https_gsmg.io_img_front_binance.svg	1868	4359	gzip	9c3029787d79e7c64f89b14bf87584f0f668b048bd3f3da152a432b236f0b5be	svg	
20240330211515	https_gsmg.io_img_front_huobi.svg	1303	3037	gzip	df90f56c8685b6d3d03dd1d29d114d29a6ff1227ce9b56c4a7c3e418708360f1	svg	
20240330211515	https_gsmg.io_img_front_stress.svg	445	964	gzip	bd4d180285af33f2ec642e13e09a9414a045f570c78f830e5029031db43881fd	svg	
20240331193512	https_gsmg.io_register	9781	35995	gzip	67214af8acd12db4b043990ef6bc54d7b9aed3adef7c0a898b418b1a9c427831	html	GSMG
20240331225839	https_gsmg.io_privacy	9840	35995	gzip	0e13a2878aed3b930f3a88da5a6b2bedf16c23794ff8efe417ab0a0a070ca36b	html	GSMG
20240413035027	https_gsmg.io_	35995	35995	identity	fabc231c9853bf0528ad412f1e335f5454c07f951574aada4b794603fffcd480	html	GSMG
20240518140248	https_gsmg.io_	35995	35995	identity	1cd45e36035fd37a14e967dd7b6a734fc2ea48a38c0f507531e8b9323c3a27c3	html	GSMG
20240528155929	https_gsmg.io_	9842	35995	gzip	1ace28fdd5bd83702f2b204007547e1f9d9a4198837059b0d382c4bd5085f820	html	GSMG
20240622025133	https_gsmg.io_	35995	35995	identity	68043322c6cacb0d79db3939549bf8fca79380c965158d79edba61183d70a262	html	GSMG
20240719084256	https_gsmg.io_	35995	35995	identity	200fbeab225f806877ca13b7b9a0d5d848e61ee98fa9ce66fc9ca26b84a02add	html	GSMG
20240725172152	https_gsmg.io_js_app.js_id_384662103b188735b766	412477	2387286	br	a56d7f2935eacbcc86a7910aa02a32d4ef0934cd4a1c307d81238762befa0f6a	js	
20240804080037	https_gsmg.io_	35995	35995	identity	d4c78cce974789405e60b3cf295677c17d74685c9934b389a39d27b684b0e231	html	GSMG
20240818190951	https_gsmg.io_img_front_easy.svg	1034	2229	br	3b50fb0c5f5420e326d743d6f83bdb543bf513b7f8b3e4ab0ff1300ea794414b	svg	
20240915195500	https_gsmg.io_	35995	35995	identity	d1e671c2465ff55012daaa9ec44c15baee670024e7986af18eda40058421b66e	html	GSMG
20240917093248	https_gsmg.io_login	9841	35995	gzip	674860ca3cd51180c720e1c6152c0bee2dfd8d9b647e0eb18d47d18942d8d413	html	GSMG
20240917110917	https_gsmg.io_	9841	35995	gzip	e5ab2ded96f2ceb69be8ee7bd93395444345d5fd16ba4b90d38797284bab0222	html	GSMG
20240917131025	https_gsmg.io_privacy	9844	35995	gzip	2ec7916f09cc7910c47ba2e8777c64d0235509de1461131587c303c948b69a32	html	GSMG
20240917134046	https_gsmg.io_register	9842	35995	gzip	9c085cab9ea1d0da23a73dc46bb9faa7c4bc24661327cce794b48cad2661ee9b	html	GSMG
20240923124826	https_gsmg.io_	9839	35995	gzip	e0e6276932932a522d61675a041068416902ed20e4ea359f393f21de59e16ba3	html	GSMG
20240923124828	https_gsmg.io_	9823	35995	gzip	cb583f4bcd03f9c22ca667dd0e3c1f87dd927837ab16623b323a97e8c40b46f4	html	GSMG
20240923124835	https_gsmg.io_	9841	35995	gzip	2b576b1b9089ecefd509fa53a8545a277f9581637036c9a6bc1dbb1fad618522	html	GSMG
20241002160519	https_gsmg.io_	35995	35995	identity	c8cb58e3d491d2e29cc573c5d163f1bf348992b10dae5bf101261b6745b597ca	html	GSMG
20241002161759	https_gsmg.io_.well-known_security.txt	35995	35995	identity	526223f3b4987405359936369bfc5f57125035c9bfa9a083bf4dd25f40667d38	html	GSMG
20241002165643	https_gsmg.io_.well-known_nodeinfo	35995	35995	identity	bd255ba874657974da226751b03c9c37544d0b5845ff7de8c508a84a8f1cc8fa	html	GSMG
20241002170720	https_gsmg.io_ads.txt	35995	35995	identity	928cc2e71009002d41800b5191a3b6cbddbe0e22e59e9b9d3d4fa97e226766e1	html	GSMG
20241002175037	https_gsmg.io_.well-known_ai-plugin.json	35995	35995	identity	f15244d424ed9914e283c69c9788d0ac10caf63f584c251488374fd4836e337c	html	GSMG
20241002185313	https_gsmg.io_.well-known_trust.txt	35995	35995	identity	3aa3348326a49b85dd2bb80a124f303e2c10445ba61d6cd94366bfbc72a23517	html	GSMG
20241002191139	https_gsmg.io_.well-known_openid-configuration	35995	35995	identity	9b88bff4e5faa409eca378fa6eb801faae022bbd0c13103425665e0deac95948	html	GSMG
20241002195856	https_gsmg.io_.well-known_dnt-policy.txt	35995	35995	identity	95a42aee561f029d3f25348bf7b59c09a499a6ca11cb49b5eba867e8d38b8618	html	GSMG
20241002231339	https_gsmg.io_app-ads.txt	35995	35995	identity	d349f73daccb9f01649926d723d58d95d0bcb32537856c7b107b9d00082409a7	html	GSMG
20241003081055	https_gsmg.io_.well-known_assetlinks.json	35995	35995	identity	94d2c8b92af15dcba4f34d28d058a136dce64096f5b0350643901615a318a37b	html	GSMG
20241003082131	https_gsmg.io_.well-known_gpc.json	35995	35995	identity	657babf1c35c105e2e9a460232913a2bd47a1838d05f731e6b404ad866779324	html	GSMG
20241012122704	https_gsmg.io_	35995	35995	identity	8609c5e20e678ac1076f601b3a68a312497582cce5fdabdf968100c45e5f9622	html	GSMG
20241109104156	https_gsmg.io_	36123	36123	identity	44475034af795b7e7b784c05d94a9ed634df8efbb906c85ef4279dd3b628f2ed	html	GSMG
20241121123349	https_gsmg.io_	9897	36123	gzip	ebd94e6ec67898f44826a304260e886ef8102050bb4315cb94b5f18db7780765	html	GSMG
20241122004432	http_gsmg.io_	9897	36123	gzip	ebd94e6ec67898f44826a304260e886ef8102050bb4315cb94b5f18db7780765	html	GSMG
20241123015038	https_gsmg.io_89727c598b9cd1cf8873f27cb7057f050645ddb6a7a157a110239ac0152f6a32	4588	4588	identity	0eeb42e361a2781846ce16d2fdadd1a879793d969aa624c5fa43552347d6c4d0	html	GSMG Puzzle
20241123031716	https_gsmg.io_	36123	36123	identity	313dde908a54ca428b695e4ddf7a62c6ef067d3fb811aa2fb07c0595f57d7b22	html	GSMG
20241123031840	https_gsmg.io_.well-known_ai-plugin.json	36123	36123	identity	293e594c0b5fc42a74aa2c72d6b090bf6011bf925c21bb7bba0c883f536c4ea5	html	GSMG
20241123032745	https_gsmg.io_.well-known_security.txt	36123	36123	identity	8766af79433ff506c3a9eb48e93a1cc55014df077b45f8a4f6bbd08620d333a7	html	GSMG
20241123032747	https_gsmg.io_.well-known_trust.txt	36123	36123	identity	eb3c86f05b96b13d647a96450ee7bd331fe73c5c4a6704a788e60e7efa70ffdd	html	GSMG
20241123033400	https_gsmg.io_app-ads.txt	36123	36123	identity	db85a23dd0cfc9ca2cd6e8bbd1f46414f29e2c67cc2a67161078944f3eb11b65	html	GSMG
20241123033613	https_gsmg.io_.well-known_dnt-policy.txt	36123	36123	identity	02a8173a8cfe45ed3908985233ab5a9faaf4aab9aa6be7b3e748e64aaba4d040	html	GSMG
20241123034652	https_gsmg.io_.well-known_openid-configuration	36123	36123	identity	c9ed04ad60cbc519e1ca5f20a9cf8f46f1bf62e2e280b27ac535e29697fc6741	html	GSMG
20241123040201	https_gsmg.io_ads.txt	36123	36123	identity	0fb9330a47e578cbc9a68f1a14babf5043cc6488d89e991481eb7743bcc2fb5b	html	GSMG
20241123050422	https_gsmg.io_.well-known_nodeinfo	36123	36123	identity	031db9241cd8a0c55618a983442c5fe314d107cd2204821947ba6a221f5e6f78	html	GSMG
20241123051444	https_gsmg.io_.well-known_assetlinks.json	36123	36123	identity	a6491f62df28244a502327d035511d3e56d081cab4e280540f9beaf375054e3e	html	GSMG
20241123054352	https_gsmg.io_.well-known_gpc.json	36123	36123	identity	ab5407142d1b4876a44793836e78305da153d9e917ec0276dc2ee64fcc28cb6f	html	GSMG
20241209190804	https_gsmg.io_register_referral_SRecIkC490BWYbL4IfoPiKj6egAl70ct	36123	36123	identity	a00d5b694f174ad8cc8367c942eb728bd796c82395a16ded5bb364d507a04e35	html	GSMG
20241209191118	https_gsmg.io_	36123	36123	identity	65b9e6814835f3ac4a1db5cc756c5d363b67bfd67fd08539e133f52470b479ae	html	GSMG
20241209191220	https_gsmg.io_.well-known_trust.txt	36123	36123	identity	fa342196887f9f349961ce65ea15bd45576570b93b6de57121714fbf6f8af0e5	html	GSMG
20241209191522	https_gsmg.io_.well-known_openid-configuration	36123	36123	identity	d3359e094382b47078a7b764afe19cd5a47294ee7d5a8fbe7811a06043a1b2c2	html	GSMG
20241209191828	https_gsmg.io_index.xml	36123	36123	identity	a1e423369cb993f04b98a8ec1a7bfa89634474ce6d95bd1ff968d98dae2291b1	html	GSMG
20241209191926	https_gsmg.io_feeds_all.atom.xml	36123	36123	identity	0af6faac3cab4c865e005df937eb9508dc935175a92a1d0ab1b68b82fda6d47d	html	GSMG
20241209191948	https_gsmg.io_.well-known_gpc.json	36123	36123	identity	e2250d3fc627271e1c2817fd792cfde9dbc6c6c01e0b0a3f03b87cd89fc48a02	html	GSMG
20241209192323	https_gsmg.io_.well-known_dnt-policy.txt	36123	36123	identity	f180c9cbf548843a8c27aaec03db67f0f67e2d0b776d7f77d03a6705bfbccde2	html	GSMG
20241209192855	https_gsmg.io_.well-known_nodeinfo	36123	36123	identity	25d13c774231da2128f40aa0165a32669cf5bed28789e2e9957fe0ee4db43006	html	GSMG
20241209193948	https_gsmg.io_.well-known_ai-plugin.json	36123	36123	identity	4068a02ef92a0b6062c0a7958eec01035049adf1e08611e7f61c2c3d52d26862	html	GSMG
20241209194306	https_gsmg.io_app-ads.txt	36123	36123	identity	87d0886a3aea390302ba73f46fc1883630db2f0b5792132f8866141583e93408	html	GSMG
20241209194709	https_gsmg.io_.well-known_assetlinks.json	36123	36123	identity	6434aa0b96ca6e0a74cbf6b9c36c0c8abb89d3b48d0d245e592024a5656670ae	html	GSMG
20241209195640	https_gsmg.io_.well-known_security.txt	36123	36123	identity	f300f5131eb5312fa37adbbd9ca1cdcc8cb253bc8502c06a6d2682251dc2bee8	html	GSMG
20241210121911	https_gsmg.io_	36123	36123	identity	e876271dbf78febf6d92298d1b40e62e9175d3075abca0559e001a8967406e9a	html	GSMG
20241215225839	https_gsmg.io_css_app.css.map	61126	61126	identity	2eede689222288803996d4e48c1e3cbade69f63de8c23ba8878ac9b70e443861	other	
20241218093646	https_gsmg.io_register_referral_a6WjHCJzwe7GGyBic0nAb808uK37zbEW	36123	36123	identity	57224efd6e83969ea754b00eaabf4f85a518345ffb2e9090687e3e677e1f50e0	html	GSMG
20250114023950	https_gsmg.io_	36123	36123	identity	425a491f00793a36feb2836e7531c94535b121dc620bd0458fb0c107cb4153ec	html	GSMG
20250131050011	https_gsmg.io_img_eye-open-icon.svg	377	798	br	d5e46b3daf73c1372d10fe92d74df4bfd956fdd95cb1a18ad6e42fabcfe17108	svg	
20250131051422	https_gsmg.io_pdf_20210531_20-_20Cookies_20Policy_20for_20GSMG_20v._201.0.pdf	57552	57552	identity	b063628da132c9641a87e06f39bb571cff4314cbc6c9595034110a4c636add2a	pdf	
20250206164236	https_gsmg.io_	9896	36123	gzip	9b683626bc26256eb1fef9648a9d602bf8b216531ed061cc37bcc04ed9ba37f7	html	GSMG
20250211092119	https_gsmg.io_	36123	36123	identity	e0d1cb41e0c773911036754b17c3092b3e3a7bb8f3d5fdfce74aefc67e65558d	html	GSMG
20250212160701	https_gsmg.io_	9899	36123	gzip	04cafab3e28c7be94a085621819eb273f43eafdbc6204e04cff2a3990d727def	html	GSMG
20250319133109	https_gsmg.io_	9894	36123	gzip	450afaca3bf327aea91339682afc4beab0b51c727ab76b19ca07b030cdfff000	html	GSMG
20250320022553	https_gsmg.io_	9899	36123	gzip	dcbd3b8516595792b45d60613fc7466e3770b0f6f67d3c0195e3b38294ac0c02	html	GSMG
20250320053416	https_gsmg.io_	9901	36123	gzip	cbc15a86286624c3e9bde0c6e1f8f6c32c749bdd632f6decedc2122f910787f0	html	GSMG
20250321011943	https_gsmg.io_	36123	36123	identity	b68d8ec6908b81e2a465f01da3da554bd3a62180c58c3affe17299ad6e8e13ab	html	GSMG
20250328231012	https_gsmg.io_feeds	9815	36123	gzip	39375078d44c01719ce0a55e690d6267d0bfdf03c7f815a794815eb3840a587b	html	GSMG
20250328231013	https_gsmg.io_js_manifest.js_id_bb58468fac8d92ddbd39	1103	3876	gzip	cc4ecee51f2185c0cc81c6c9b6f53692125e7c2e1477c1d258da0c6191e146d7	js	
20250328231014	https_gsmg.io_js_app.js_id_fae1701cb02aa16debe9	452580	2387286	gzip	a56d7f2935eacbcc86a7910aa02a32d4ef0934cd4a1c307d81238762befa0f6a	js	
20250328231016	https_gsmg.io_img_menu_burger_menu.svg	181	223	gzip	190dc3c05b6802bc02c3aebfadb41ecca91527e14f0bfd42e0c401b1c9c7f571	svg	
20250328231017	https_gsmg.io_img_menu_global_statistics.svg	531	1043	gzip	e9cd2688335552b37fb1b3c7fcf6d574ce552cab6efbd678f4885cb6d47e72e4	svg	
20250328231017	https_gsmg.io_img_menu_help_center.svg	332	723	gzip	41bf1cd55a0035ee6a7b0919957281274eef9f61edd9129b3af1c3cf6344d604	svg	
20250329182600	https_gsmg.io_privacy	9899	36123	gzip	3c44ceb7c7aa2994e9fe49f45ce5c65efed9dfdd6e933e4c43c57ae054567f5d	html	GSMG
20250329184353	https_gsmg.io_	9901	36123	gzip	a769177f07c7efc4c7b6736a004fc229cfbcd9d391ee0486aa05cd91ace81415	html	GSMG
20250329195728	https_gsmg.io_register	9892	36123	gzip	b2a20a9c35999e24363f80de79a895fbfb9d63dbfdcdff05057198038eee7e6e	html	GSMG
20250403221758	https_gsmg.io_login	9901	36123	gzip	f8cfdd4718cfd979e26811278cded096b5c93bc3600345d699f8334535ef3c0d	html	GSMG
20250410224406	https_gsmg.io_	9895	36123	gzip	03a8975cbd508b65b3e4429d863b1753585833a03c19e89dcc1d072a21c81eae	html	GSMG
20250421120213	https_gsmg.io_	36123	36123	identity	ffe81d3f7ceeb00faad18e68bf5fdbca02eb63440c18f5c1ca30bc12484d63d3	html	GSMG
20250505123927	https_gsmg.io_css_app.css_id_3d440e507ce82e9e50f6	2477	23612	gzip	bb24ad837863b0b465d34fc384b40379fb910c2bcfdd8b607dcf057f5612cf3d	other	
20250505123927	https_gsmg.io_js_app.js_id_fae1701cb02aa16debe9	454267	2387286	gzip	a56d7f2935eacbcc86a7910aa02a32d4ef0934cd4a1c307d81238762befa0f6a	js	
20250505123927	https_gsmg.io_js_vendor.js_id_df6f27b7abfd26c511cc	561187	2865512	gzip	a7952377c2acead0c73bd12a904f321326c75935589e3b6b7f7e7af7984ed17d	js	
20250505123927	https_gsmg.io_puzzle_stage5	9894	36123	gzip	e27e53ddafb4f2b585f12b21fbe5c9ecfb39a2f484d8cc147e83fffc1beac5bb	html	GSMG
20250505123929	https_gsmg.io_img_divider.svg	134	153	gzip	ada48a8d836e91831096f30c1aee88d00f665adb49418d85b8fb8e0e27bd11e4	svg	
20250505123930	https_gsmg.io_img_menu_help_center.svg	334	723	gzip	41bf1cd55a0035ee6a7b0919957281274eef9f61edd9129b3af1c3cf6344d604	svg	
20250505123930	https_gsmg.io_img_menu_logout.svg	717	1672	gzip	03680d6ebff5a27f32cbba0b68a6e8eaeed68845f8bfc9026c8073e3b96e1a5d	svg	
20250505123932	https_gsmg.io_img_favicon_small.svg	446	885	gzip	005da0bb8fb64abd76d6b5c203f68cb6b2b80daa99b3b6e40ba1ee3b85e8edb4	svg	
20250505202722	https_gsmg.io_css_puzzle.css	9895	36123	gzip	f361c6c716879436dc88cfa325cf615ece6cf4c679da707eddc01eca8a7c0669	html	GSMG
20250519082234	https_gsmg.io_eps3.4_runtime-error.r00	9892	36123	gzip	3ef2820ee57d6f8b9cae913f2396b2de3c273b0e3236300747eabce0e000046d	html	GSMG
20250519153235	https_gsmg.io_	36123	36123	identity	578290f38146ed2817d4648a6c64b25b9868999e2f531caff1c854d8fdb3abad	html	GSMG
20250522233959	https_gsmg.io_img_.png	10033	36123	br	8ce7fc30a13147267461252d42da8c14935b4e8923441cf0f2eda79ed322b360	html	GSMG
20250526195909	https_gsmg.io_js_app.js_id_d74c75b00210baa527a5	390198	2387286	br	a56d7f2935eacbcc86a7910aa02a32d4ef0934cd4a1c307d81238762befa0f6a	js	
20250526195926	https_gsmg.io_js_app.js_id_f352ae914b646f0dbfac	390198	2387286	br	a56d7f2935eacbcc86a7910aa02a32d4ef0934cd4a1c307d81238762befa0f6a	js	
20250608225552	https_gsmg.io_0	10034	36123	br	9b579b4ff6fdddc1c5b8a15e489b8102513775d989fffad147e7243ab7947ce3	html	GSMG
20250617234751	https_gsmg.io_	36123	36123	identity	6044d2aa22e40eaae3af8cbd7e0bc111d710b3d32f767e620bcb93a7c1465c16	html	GSMG
20250703211006	https_gsmg.io_digitallogiccryptography	9894	36123	gzip	c84689d16c48d0ef76194c78a9550b4c20ec68a3d6e0482fdc770b7988064477	html	GSMG
20250704153453	https_gsmg.io_digitallogiccryptography	9896	36123	gzip	73e0f316d5b54e9bb568e70b2e6d259b35b7677ff1e5b020ce9797d8fe17a867	html	GSMG
20250710112609	https_gsmg.io_	36123	36123	identity	2982675102d4e88c3d1462d6210302fb1e90281d01ecbb4381d51119a809d748	html	GSMG
20250814210454	https_gsmg.io_	36123	36123	identity	a227a4f2ce852f98835c72ebd42bdc7c2ba5ff2dbdb154d58524fbc7fe9b446a	html	GSMG
20250824124745	https_gsmg.io_TheArchitectChoice	9894	36123	gzip	e59d0beef285afbed8cb8e9f48d5d726fd56db0ab1cc14aeb66addb868913806	html	GSMG
20250824124746	https_gsmg.io_css_app.css_id_3d440e507ce82e9e50f6	2477	23612	gzip	bb24ad837863b0b465d34fc384b40379fb910c2bcfdd8b607dcf057f5612cf3d	other	
20250824124746	https_gsmg.io_js_app.js_id_fae1701cb02aa16debe9	454267	2387286	gzip	a56d7f2935eacbcc86a7910aa02a32d4ef0934cd4a1c307d81238762befa0f6a	js	
20250824124746	https_gsmg.io_js_manifest.js_id_bb58468fac8d92ddbd39	1103	3876	gzip	cc4ecee51f2185c0cc81c6c9b6f53692125e7c2e1477c1d258da0c6191e146d7	js	
20250824124746	https_gsmg.io_js_vendor.js_id_df6f27b7abfd26c511cc	561187	2865512	gzip	a7952377c2acead0c73bd12a904f321326c75935589e3b6b7f7e7af7984ed17d	js	
20250824124748	https_gsmg.io_img_divider.svg	134	153	gzip	ada48a8d836e91831096f30c1aee88d00f665adb49418d85b8fb8e0e27bd11e4	svg	
20250824124748	https_gsmg.io_img_favicon_small.svg	446	885	gzip	005da0bb8fb64abd76d6b5c203f68cb6b2b80daa99b3b6e40ba1ee3b85e8edb4	svg	
20250824124748	https_gsmg.io_img_menu_burger_menu.svg	181	223	gzip	190dc3c05b6802bc02c3aebfadb41ecca91527e14f0bfd42e0c401b1c9c7f571	svg	
20250824124748	https_gsmg.io_img_menu_global_statistics.svg	531	1043	gzip	e9cd2688335552b37fb1b3c7fcf6d574ce552cab6efbd678f4885cb6d47e72e4	svg	
20250824124748	https_gsmg.io_img_menu_help_center.svg	334	723	gzip	41bf1cd55a0035ee6a7b0919957281274eef9f61edd9129b3af1c3cf6344d604	svg	
20250824124748	https_gsmg.io_img_menu_logout.svg	717	1672	gzip	03680d6ebff5a27f32cbba0b68a6e8eaeed68845f8bfc9026c8073e3b96e1a5d	svg	
20250827065619	https_gsmg.io_register_referral_VqgpFRzE3i3GvB08KBsH1PLDGpdBRmnZ	36123	36123	identity	ce82c2a82d45bf3919c19a1169dc7f303cdfa682ab99ce802948db2c085840d7	html	GSMG
20250827070647	https_gsmg.io_	36123	36123	identity	7b3949650bf8095c252c8a82b0fbfba226cb76685db341e2681af3533f7f7dc8	html	GSMG
20250827071159	https_gsmg.io_feed.xml	36123	36123	identity	d7f64586bcd762d7c0721b4ec71fdf1ffd7f50441687a9eb962676ef2327c4f8	html	GSMG
20250827071324	https_gsmg.io_.well-known_gpc.json	36123	36123	identity	3c42020aa22f9ec2a3e588db977fe0b10e2c505f5407476e821584e134f1fa76	html	GSMG
20250827071700	https_gsmg.io_.well-known_openid-configuration	36123	36123	identity	6e0b5db5a0fc466ae8edd14351258211657a59d66e1b6cdc8f586005aa7462fd	html	GSMG
20250827072727	https_gsmg.io_atom.xml	36123	36123	identity	2361602fa3348627b167dbef29fc3524e416feab1de979e650c8739d414dd44c	html	GSMG
20250827073218	https_gsmg.io_app-ads.txt	36123	36123	identity	b2a8591c815b1a97d4122c35830aac863a4c94b6b6fba6277378236bc9ea94ba	html	GSMG
20250827074308	https_gsmg.io_feeds_all.atom.xml	36123	36123	identity	1f0dfb07f57422d1d5757c85a2ba61aae5134114e320c00796a0bf232f6b6a54	html	GSMG
20250827074625	https_gsmg.io_.well-known_ai-plugin.json	36123	36123	identity	dff742a37ed14618f6324c885a5a03f5847d4a1fc62d1bd37a1e8f55177151a0	html	GSMG
20250827081335	https_gsmg.io_.well-known_dnt-policy.txt	36123	36123	identity	d9a100ccb1f496abbd0eac500de92d32cdeccccaa7e5549f8e2487d6fddd293b	html	GSMG
20250827081930	https_gsmg.io_.well-known_trust.txt	36123	36123	identity	1cd5210d7d5a3ed446ee85abd0a8f46a431b6ccc3fb38027acce1f7d1c0e8dc8	html	GSMG
20250827082402	https_gsmg.io_index.xml	36123	36123	identity	ee9f177ef005950c862ecc5ef30d5b4bce214cb18a533941314c502959286ecc	html	GSMG
20250827135330	https_gsmg.io_js_app.js_id_3c7b9d4c066d1db2cf9e	390198	2387286	br	a56d7f2935eacbcc86a7910aa02a32d4ef0934cd4a1c307d81238762befa0f6a	js	
20250828214209	https_gsmg.io_	36123	36123	identity	813bd48610553a862995b5882f9cc59af938706f62f1011c40846ef171bde928	html	GSMG
20250829063046	https_gsmg.io_js_app.js_id_8463a7c99a2f126d78fb	454267	2387286	gzip	a56d7f2935eacbcc86a7910aa02a32d4ef0934cd4a1c307d81238762befa0f6a	js	
20250830093041	https_gsmg.io_feed_	36123	36123	identity	b3e4a82129466de1980a2872766e51e4984107e36e5c185be95ecada68c4cee3	html	GSMG
20250830095831	https_gsmg.io_ads.txt	36123	36123	identity	cd79852afc6b907923270133b8cf98a681bdd8f73a4a7391f782737db3af03b0	html	GSMG
20250830103025	https_gsmg.io_.well-known_assetlinks.json	36123	36123	identity	08644ed6b3b73fb5399f0c439c1af13bc026c6cb57283afb91b613fe4c1e8d28	html	GSMG
20250905124354	https_gsmg.io_final_stage	9898	36123	gzip	1fa447fc07078573d44e7b309da5eb2ee3852dd388a1d70447debd16e262c4e7	html	GSMG
20250908234308	https_gsmg.io_	9892	36123	gzip	698e8f905bf951f1391aafdc1b2ffa8a9800bba2e5e26a867ecb218ca9291c79	html	GSMG
20250908234312	https_gsmg.io_img_front_bg.svg	3124	11228	gzip	5e4dac512b5198b5b6019e7b4082b40339675179d9b9dc8e626756a50b72c91c	svg	
20250908234312	https_gsmg.io_img_front_top_gsmg.svg	3059	7189	gzip	4dcbc1a1ce8e97f8f1bdbb57d765f96dcf5fec582ec89d171b039424b87ceee0	svg	
20250908234313	https_gsmg.io_api_v1_subscriptions_market-features	448	1960	gzip	84ee91b1b986ec07a8d777b14f0ca144987b25376fb43a6a495225e59c4f1f9d	other	
20250908234313	https_gsmg.io_img_front_binance.svg	1868	4359	gzip	9c3029787d79e7c64f89b14bf87584f0f668b048bd3f3da152a432b236f0b5be	svg	
20250908234313	https_gsmg.io_img_front_easy.svg	1015	2229	gzip	3b50fb0c5f5420e326d743d6f83bdb543bf513b7f8b3e4ab0ff1300ea794414b	svg	
20250908234313	https_gsmg.io_img_front_fee.svg	609	1431	gzip	3e02bd761786851c037bd0651a58657cfef574b955da29fb075666f6a7387def	svg	
20250908234313	https_gsmg.io_img_front_huobi.svg	1354	3037	gzip	df90f56c8685b6d3d03dd1d29d114d29a6ff1227ce9b56c4a7c3e418708360f1	svg	
20250908234313	https_gsmg.io_img_front_safe.svg	599	1177	gzip	0395c717824957f020e1f0c9e50b2710b4dafafbd672afc9d55e88c7489f8b90	svg	
20250908234313	https_gsmg.io_img_front_stress.svg	440	964	gzip	bd4d180285af33f2ec642e13e09a9414a045f570c78f830e5029031db43881fd	svg	
20250910234552	https_gsmg.io_banking-war	10033	36123	br	b745837e1bd2816847d0de6c03e20e9a7a1a0946cad08fb152a3f1af4f14c2da	html	GSMG
20250910234632	https_gsmg.io_ca	10035	36123	br	ee441339aabca6b3b53d3d70a33894f208aa6b2453d94469682d3b91c60b46be	html	GSMG
20250910234746	https_gsmg.io_dig-i	9894	36123	gzip	e9e533a6ee368107e1b592c036714c0e17a0d5bd3faecae2cab5f10c82da6224	html	GSMG
20250910234841	https_gsmg.io_lock-io	10036	36123	br	77c5e97018e0702fbd37b3114f8efdd646ab9ea30beb9f2bc616242d40f74195	html	GSMG
20250910234948	https_gsmg.io_crypto-gic	10037	36123	br	2be66d4eace84e3be288e013bd97a2fd293ca6cb68069c882d85b5446ec34c5e	html	GSMG
20250910235034	https_gsmg.io_n-you	10035	36123	br	67f27098305947919064c40ea004de97024d81e9a11a0417f8d5d9e9e5aeddbd	html	GSMG
20250910235118	https_gsmg.io_open-lock-ning	10036	36123	br	1d321171e212197faef0bbd3b0e2aeb88c4c4005b0e5095475db6fbbfaa46b49	html	GSMG
20250911000335	https_gsmg.io_banking_20-_20war	10035	36123	br	79d63764b5827db24ef80b5d2da689137d68f67dead1d6a5e065aeab4139f9ab	html	GSMG
20250911000338	https_gsmg.io_banking_20_20war	10038	36123	br	767a144758396416ca988bb8fe98931f0bd565d649f820b7808472011ec22c6a	html	GSMG
20250911000409	https_gsmg.io_banking_20_20war	10037	36123	br	d9f4f7d9ac4b0e00761b31e076704464eb0b3f4a25b3d7c31646d1acd115155b	html	GSMG
20250911000439	https_gsmg.io_dig_i	10033	36123	br	9a46324c5ce41d9952aa611bcb8a99afd3bf2bfef5890fdcbdb25e7f17652b67	html	GSMG
20250911000445	https_gsmg.io_banking_20__20war	9893	36123	gzip	cbd989da894983c5eb5fd18587e15edfb0d1ee9755fbcf5d3bbbd10591f6313c	html	GSMG
20250911000459	https_gsmg.io_dig_i	9891	36123	gzip	b3a825e59736bab50279f5c4ee42fbfe878a098b4d50ffc4c820a6faaa1096da	html	GSMG
20250911000616	https_gsmg.io_lock_io	10038	36123	br	2f43bf4a7987dfb5f28bd48b429a1561d7407e810db852749cc637d2f16048cd	html	GSMG
20250911000705	https_gsmg.io_lock_io	10034	36123	br	f71f126741027ecd52ea489291e3844d0020c582482edf209bfe9d8d96167fe1	html	GSMG
20250911000739	https_gsmg.io_crypto_gic	9893	36123	gzip	e2b534d7087202e5fc2a6ff06a369254f5978b322a2cc6e6b0f3d4f3e2d27b10	html	GSMG
20250911000812	https_gsmg.io_cryptogic	10034	36123	br	a25f90fc408ded10cffa784a0bc09f529d4fe04bfa97aac91be2fcb14ffe815a	html	GSMG
20250911000826	https_gsmg.io_crypto_gic	10038	36123	br	181be28d101c2be51abe0cb68408a8d22be8202d9bda10885029eb447074f851	html	GSMG
20250911000956	https_gsmg.io_n_you	10032	36123	br	8af66fdf09a16dcf91ad3e62045f88c046f7f37c73c2945a6cfb8a44079d215f	html	GSMG
20250911001006	https_gsmg.io_nyou	10035	36123	br	03dab52c75c1afd299d174fd1640c88241923eb22a4ccaa9854494210106c44d	html	GSMG
20250911001137	https_gsmg.io_open_lock_ning	9894	36123	gzip	a35d0891a7770d71431c034745015fde2ab6cc6c42bb6e15afcdd2f86b1702e9	html	GSMG
20250911001208	https_gsmg.io_openlockning	10035	36123	br	d75ff5f50e8498f25456e36ec275919e0402d19816eac0a5a0d5ecaf77039f31	html	GSMG
20250911001211	https_gsmg.io_openlockning	10033	36123	br	df3fe647adce214a0a24e046c75ae63b3b7b6ddf02b96f1400640f816e5ffd00	html	GSMG
20250911001221	https_gsmg.io_open_lock_ning	9893	36123	gzip	c4695ded1c5e2e135805728e86fab2bd2eba5860d4b02c14cda4f3b79d30d9a9	html	GSMG
20250911001245	https_gsmg.io_openlockning	10038	36123	br	e20e3dc43209c9491911668d44d54e8be57f69b23b44d905f83b99062da3bacf	html	GSMG
20250911001250	https_gsmg.io_open_lock_ning	10036	36123	br	511ae1d4a1c8f9d9bb6868ae805fa5a8fdd72967e79469d5de63a106166e6a73	html	GSMG
20250911001419	https_gsmg.io_2B	10038	36123	br	cdc4ad1a8c105ae77e69635e413efdb04332b81a5711f49bc7b9fa574db1f3ad	html	GSMG
20250911001427	https_gsmg.io_ning	10037	36123	br	2b29c22dea45ac895df356773ee140c96907e10c746d969e5b9e70163daf0af2	html	GSMG
20250911001437	https_gsmg.io_io	10035	36123	br	da411d68e1c912d534f0570d7829596544c9d18b7b3d12696e191b5baf711937	html	GSMG
20250911001501	https_gsmg.io_ning	10036	36123	br	ec91d15c9da409d57318e2089b39c2b7da0966b0e98a728caccb4f8dc1003f80	html	GSMG
20250911001520	https_gsmg.io_io	9896	36123	gzip	68416562e133bb2dd8fb38dd9094a4c18233f6bc9c40d677fe45d6fd21176526	html	GSMG
20250911001606	https_gsmg.io_io	10037	36123	br	e5c19c54f560f8723560585d9d8d683e2ca9276017e09ddb131db2c5550c25d0	html	GSMG
20250912164642	https_gsmg.io_	36123	36123	identity	d1cf099e76737dd4428ca37e9d2ea2e563758c68648a9d79d4294aedd69726a8	html	GSMG
20250922214034	https_gsmg.io_	36123	36123	identity	392e31c9c2d9655ce5eae6bb9782d4a788126ff92a9114c7d20d42d3e00ca882	html	GSMG
20250922214302	https_gsmg.io_.well-known_openid-configuration	36123	36123	identity	86a00131d95b69ad5c1aec6970ca4d71f840734f0651cc32dff962012f4baf28	html	GSMG
20250922214438	https_gsmg.io_atom.xml	36123	36123	identity	641690ea69046496e67764406adccb4fc0a7ab0b2e6a1ee7c624c5c664054b1f	html	GSMG
20250922214842	https_gsmg.io_.well-known_ai-plugin.json	36123	36123	identity	86a00131d95b69ad5c1aec6970ca4d71f840734f0651cc32dff962012f4baf28	html	GSMG
20250922215402	https_gsmg.io_.well-known_assetlinks.json	36123	36123	identity	196a6e7057fa23f6f47f5ce699612a638f58035150dd737f000a8783c8cf5147	html	GSMG
20250922215451	https_gsmg.io_.well-known_trust.txt	36123	36123	identity	a4b997e2a55006fd8f7a14bbdadf78dd0d732f42baa7b015c018a1fd551dde77	html	GSMG
20250922222128	https_gsmg.io_feed_	36123	36123	identity	f5de0d08fb7ed279b6fa1ad5d86d286c3010630b867619013078daa49cb1548c	html	GSMG
20250922222157	https_gsmg.io_feeds_all.atom.xml	36123	36123	identity	532f00ec94b27be29e414e34ce53e3976dd29b36730d30c8fb810f19147c076e	html	GSMG
20250922224501	https_gsmg.io_.well-known_dnt-policy.txt	36123	36123	identity	a3af6fba2783b0d0701da1d890d6a23916980256346a0a61fe1b5b86112681d5	html	GSMG
20250922225534	https_gsmg.io_.well-known_gpc.json	36123	36123	identity	303396775f295391e3e3e75637f0c9de26256e476bf40a98942d5cff1648b829	html	GSMG
20250923054500	https_gsmg.io_app-ads.txt	36123	36123	identity	f5de0d08fb7ed279b6fa1ad5d86d286c3010630b867619013078daa49cb1548c	html	GSMG
20250930112554	https_gsmg.io_js_app.js_id_a873ef8d101aff9e2309	390467	2387286	br	a56d7f2935eacbcc86a7910aa02a32d4ef0934cd4a1c307d81238762befa0f6a	js	
20251002130143	https_gsmg.io_	36123	36123	identity	392e31c9c2d9655ce5eae6bb9782d4a788126ff92a9114c7d20d42d3e00ca882	html	GSMG
20251002130250	https_gsmg.io_.well-known_openid-configuration	36123	36123	identity	86a00131d95b69ad5c1aec6970ca4d71f840734f0651cc32dff962012f4baf28	html	GSMG
20251002130253	https_gsmg.io_.well-known_gpc.json	36123	36123	identity	303396775f295391e3e3e75637f0c9de26256e476bf40a98942d5cff1648b829	html	GSMG
20251002130254	https_gsmg.io_.well-known_ai-plugin.json	36123	36123	identity	86a00131d95b69ad5c1aec6970ca4d71f840734f0651cc32dff962012f4baf28	html	GSMG
20251002130259	https_gsmg.io_feed_	36123	36123	identity	f5de0d08fb7ed279b6fa1ad5d86d286c3010630b867619013078daa49cb1548c	html	GSMG
20251002130300	https_gsmg.io_.well-known_security.txt	36123	36123	identity	646583c3724240726d68e6936632797b5e7392420cd5580ef283552b69924584	html	GSMG
20251002130300	https_gsmg.io_index.xml	36123	36123	identity	646583c3724240726d68e6936632797b5e7392420cd5580ef283552b69924584	html	GSMG
20251002130305	https_gsmg.io_app-ads.txt	36123	36123	identity	f5de0d08fb7ed279b6fa1ad5d86d286c3010630b867619013078daa49cb1548c	html	GSMG
20251002130311	https_gsmg.io_feeds_all.atom.xml	36123	36123	identity	532f00ec94b27be29e414e34ce53e3976dd29b36730d30c8fb810f19147c076e	html	GSMG
20251002130335	https_gsmg.io_.well-known_assetlinks.json	36123	36123	identity	196a6e7057fa23f6f47f5ce699612a638f58035150dd737f000a8783c8cf5147	html	GSMG
20251002130336	https_gsmg.io_feed.xml	36123	36123	identity	303396775f295391e3e3e75637f0c9de26256e476bf40a98942d5cff1648b829	html	GSMG
20251002130405	https_gsmg.io_.well-known_dnt-policy.txt	36123	36123	identity	a3af6fba2783b0d0701da1d890d6a23916980256346a0a61fe1b5b86112681d5	html	GSMG
20251002130409	https_gsmg.io_ads.txt	36123	36123	identity	0c423cd5d4b66c8cc4de4da6396a35cff4a6f18926ab4486d91b79af065a9af8	html	GSMG
20251002130427	https_gsmg.io_.well-known_trust.txt	36123	36123	identity	a4b997e2a55006fd8f7a14bbdadf78dd0d732f42baa7b015c018a1fd551dde77	html	GSMG
20251002130522	https_gsmg.io_atom.xml	36123	36123	identity	641690ea69046496e67764406adccb4fc0a7ab0b2e6a1ee7c624c5c664054b1f	html	GSMG
20251009111058	https_gsmg.io_feed_	36123	36123	identity	3ec9657fefbbe5338a47642e313af83dfe750168c266daf07e0ed39efe6fa47b	html	GSMG
20251011200549	https_gsmg.io_	36123	36123	identity	f8f466bd09361be3addf37bf311161787294b12403f5ccd1ce93bbaa1f50ccd7	html	GSMG
20251031153559	https_gsmg.io_89727c598b9cd1cf8873f27cb7057f050645ddb6a7a157a110239ac0152f6a32	3031	5092	gzip	af81c08fc26db392eec925ba22a8ba4f6abe03e5512344ca648d5cf136b30603	html	GSMG Puzzle
20251031153600	https_gsmg.io_favicon.ico	20	0	gzip	e3b0c44298fc1c149afbf4c8996fb92427ae41e4649b934ca495991b7852b855	other	
20251109013424	https_gsmg.io_	36627	36627	identity	427dbf1a6edbc022fbbb9d2cc1f7417c6280b6d86a445cb22c5fcaa28113ce6d	html	GSMG
20251112043136	https_gsmg.io_aca20ae7c6b5f425bdd9bd809583b28fd086b3380990689e37b6e94f3fb5ed9a	10255	36627	gzip	a2b619a429802ff94d6fa5291ce4afed2cf8e5e54c982bfe47ff2289b10a782c	html	GSMG
20251112043137	https_gsmg.io_css_app.css_id_3d440e507ce82e9e50f6	2511	23612	gzip	bb24ad837863b0b465d34fc384b40379fb910c2bcfdd8b607dcf057f5612cf3d	other	
20251112043137	https_gsmg.io_js_app.js_id_fae1701cb02aa16debe9	453660	2387286	gzip	a56d7f2935eacbcc86a7910aa02a32d4ef0934cd4a1c307d81238762befa0f6a	js	
20251112043138	https_gsmg.io_js_vendor.js_id_df6f27b7abfd26c511cc	561020	2865512	gzip	a7952377c2acead0c73bd12a904f321326c75935589e3b6b7f7e7af7984ed17d	js	
20251112043622	https_gsmg.io_a2aefdbb953b70aa20d640effda4accee1e1f48acf1e4fcebdc2fc011418b0b1	10189	36627	gzip	644f36cb366b69a732fa6bfb3c1901fbb1e508a6dcda9000e4d20b39ef14015e	html	GSMG
20251112060022	https_gsmg.io_login	10245	36627	gzip	1ec12af2af104f15940b487edca6bc8b67c718379712fa4cbe4516977c94be47	html	GSMG
20251112081105	https_gsmg.io_privacy	10243	36627	gzip	708a22131c3968428592a1e9ebab12b22618df2a20474735ab1dc68220d29ff5	html	GSMG
20251112081122	https_gsmg.io_js_vendor.js_id_df6f27b7abfd26c511cc	561061	2865512	gzip	a7952377c2acead0c73bd12a904f321326c75935589e3b6b7f7e7af7984ed17d	js	
20251112094552	https_gsmg.io_	10244	36627	gzip	7669494b52e0e2ae437658b13d8b39e0bb0280362b768141df6ef78daa606ca1	html	GSMG
20251116035217	https_gsmg.io_register_invite_0cVMlolnsaLaJ9iHubW8iQByWOjn3H2cnaDcJVe2qJnz4x482BcwZeZ0GnZlbi2N_2A	10188	36627	gzip	a3ff4a7bf3e45a0cae66741c191a932d28a3e49363c770dd330e984ae161844b	html	GSMG
20251116035218	https_gsmg.io_js_app.js_id_fae1701cb02aa16debe9	453652	2387286	gzip	a56d7f2935eacbcc86a7910aa02a32d4ef0934cd4a1c307d81238762befa0f6a	js	
20251116035218	https_gsmg.io_js_vendor.js_id_df6f27b7abfd26c511cc	560914	2865512	gzip	a7952377c2acead0c73bd12a904f321326c75935589e3b6b7f7e7af7984ed17d	js	
20251116035221	https_gsmg.io_img_eye-icon.svg	1040	2146	gzip	92155b22b6938b91f352ba9c77c0ad4b542e2860ca46b8c8df8f18592e78fc0e	svg	
20251126145859	https_gsmg.io_k27RwIKbkYlwcerFhyUy_SpThDLmjxDDiAOBzqhbtFEj-0lg4HVQhrMqtPLWD0pE8_e7gplJIe87L7znhl6n-fW2RAMPY4jreE9rWxsp2A	10189	36627	gzip	a9307644a53e4776ccbc007d56007913a44e868b31b4b8cf2197ff77416b1212	html	GSMG
20251206064616	https_gsmg.io_	36627	36627	identity	302ec9a296463e44b0f5537f9b5c20a946478975b25e41a13453391eb05483a3	html	GSMG
20260104233716	https_gsmg.io_puzzle	29931	29931	identity	38125bbdf1ea58b9b30b075bc6bf71e4089d04bba37098317e47097e2f2a1830	png	
20260105004905	https_gsmg.io_673e3b1a60ebe6fc4a8be88acde2600e12afd9efb2543e26b1b30039f8356b0d	10189	36627	gzip	da752f2d224655c46a5bb79fa31a7143c962a3c016d600b7fa0048b8bc0e6289	html	GSMG
20260105004905	https_gsmg.io_js_app.js_id_fae1701cb02aa16debe9	453620	2387286	gzip	a56d7f2935eacbcc86a7910aa02a32d4ef0934cd4a1c307d81238762befa0f6a	js	
20260105004905	https_gsmg.io_js_vendor.js_id_df6f27b7abfd26c511cc	561087	2865512	gzip	a7952377c2acead0c73bd12a904f321326c75935589e3b6b7f7e7af7984ed17d	js	
20260105005011	https_gsmg.io_iXJ8WYuc0c_Ic_J8twV_BQZF3banoVehECOawBUvajI_	10189	36627	gzip	34ab4da097eddddf04651478399286d902eb79bec6c510376962352ba03e8735	html	GSMG
20260105005042	https_gsmg.io_f9719d6d531e6c3b5129644cd05da57bc6fdd075c9a61267c41d4b9627936096	10184	36627	gzip	7cc924f5622dd961f79871eed93a521f7b951ac187a37d0dd42a46042ad70190	html	GSMG
20260105014227	https_gsmg.io_c2eef34b479eb6c89c7aa89c49229ff5f67563da4e56d5782574489c4b776625	10189	36627	gzip	0d5e24bde2a21ac157075f12560305cfbfa8d8fe8b65a68b8c28799ce6c72f31	html	GSMG
20260105015908	https_gsmg.io_53616c7465645f5f74c974e3f92e64b59f7ea22a50dcb0d4289d176d4ce9dba7f99a695b8d0797b5c7791e65a8d2b68a5879f5d31a	10186	36627	gzip	4d2f199974abc752532aae526ac37e7aff71ec76e8a5156be30a45c994d478d9	html	GSMG
20260105123443	https_gsmg.io_21ef053324184a4db5dc19b760e2d6ef61b07376a6f8a1514bb529d99de1fe0f	10184	36627	gzip	41c04eda3dc97818c1fd1c34714df6130a74365dd01048a1281832c9cc53cfb0	html	GSMG
20260105123443	https_gsmg.io_css_app.css_id_3d440e507ce82e9e50f6	2512	23612	gzip	bb24ad837863b0b465d34fc384b40379fb910c2bcfdd8b607dcf057f5612cf3d	other	
20260105123443	https_gsmg.io_js_app.js_id_fae1701cb02aa16debe9	454726	2387286	gzip	a56d7f2935eacbcc86a7910aa02a32d4ef0934cd4a1c307d81238762befa0f6a	js	
20260105123443	https_gsmg.io_js_vendor.js_id_df6f27b7abfd26c511cc	561070	2865512	gzip	a7952377c2acead0c73bd12a904f321326c75935589e3b6b7f7e7af7984ed17d	js	
20260105123737	https_gsmg.io_e24bd2c0fd454632f9fdd26cbdc210597f79e9fca9719c126a6d30cb41ef0238	10188	36627	gzip	b7a7ebbb5174a9891cdefd2d6f007cb55a09e4f28750aa2bde279eb7ad8921dc	html	GSMG
20260107012359	https_gsmg.io_css_app.css_id_3d440e507ce82e9e50f6	2511	23612	gzip	bb24ad837863b0b465d34fc384b40379fb910c2bcfdd8b607dcf057f5612cf3d	other	
20260107012400	https_gsmg.io_js_app.js_id_fae1701cb02aa16debe9	454382	2387286	gzip	a56d7f2935eacbcc86a7910aa02a32d4ef0934cd4a1c307d81238762befa0f6a	js	
20260107012400	https_gsmg.io_js_vendor.js_id_df6f27b7abfd26c511cc	560980	2865512	gzip	a7952377c2acead0c73bd12a904f321326c75935589e3b6b7f7e7af7984ed17d	js	
20260110051955	https_gsmg.io_	10245	36627	gzip	b87f796f395e5d4c51507a3dfd9be5f09f0d9273c3aec0455c5c7924b59b40c9	html	GSMG
20260110225911	https_gsmg.io_register	10244	36627	gzip	e9c2c630513da6e811a908b908b4fa9d97824f8a881efc3034a8736d1b0ff588	html	GSMG
20260113071006	https_gsmg.io_choiceisanillusioncreatedbetweenthosewithpowerandthosewithoutaveryspecialdessertiwroteitmyself_5Cu003c_a_5	10245	36627	gzip	c7ebe273ae850c54e6f8e8cc4ad3559afa3e119a5814b80fd4215462c6e1a8a0	html	GSMG
20260114003620	https_gsmg.io_register_referral_1825f9deaa2d3d7fb3f0fc5ba0821e75	36123	36123	identity	c51885a82c20f01f77dee82879994f061cb9295c1c2d628a862d91cc219fe212	html	GSMG
20260114003828	https_gsmg.io_	36123	36123	identity	a103656a8bf63cb00226e338af72ec7c389f0f9097a0ebee003f524b4fa0f782	html	GSMG
20260114003928	https_gsmg.io_favicon.ico	0	0	identity	e3b0c44298fc1c149afbf4c8996fb92427ae41e4649b934ca495991b7852b855	other	
20260114003934	https_gsmg.io_.well-known_dnt-policy.txt	36123	36123	identity	2fc2fe3d4911401d5118109e4ade550fbed3fb714c3a7c601029569f0a5201fd	html	GSMG
20260114003934	https_gsmg.io_.well-known_nodeinfo	36123	36123	identity	2fc2fe3d4911401d5118109e4ade550fbed3fb714c3a7c601029569f0a5201fd	html	GSMG
20260114003936	https_gsmg.io_feeds_all.atom.xml	36123	36123	identity	2fc2fe3d4911401d5118109e4ade550fbed3fb714c3a7c601029569f0a5201fd	html	GSMG
20260114003953	https_gsmg.io_.well-known_trust.txt	36123	36123	identity	6e49321d650c8fc3c6c4eeeb905bdc69075250d31e0c7068a840919ec93d240d	html	GSMG
20260114003958	https_gsmg.io_.well-known_gpc.json	36123	36123	identity	6e49321d650c8fc3c6c4eeeb905bdc69075250d31e0c7068a840919ec93d240d	html	GSMG
20260114003958	https_gsmg.io_.well-known_openid-configuration	36123	36123	identity	6e49321d650c8fc3c6c4eeeb905bdc69075250d31e0c7068a840919ec93d240d	html	GSMG
20260114004047	https_gsmg.io_atom.xml	36123	36123	identity	6e49321d650c8fc3c6c4eeeb905bdc69075250d31e0c7068a840919ec93d240d	html	GSMG
20260114004048	https_gsmg.io_feed.xml	36123	36123	identity	6e49321d650c8fc3c6c4eeeb905bdc69075250d31e0c7068a840919ec93d240d	html	GSMG
20260114004050	https_gsmg.io_ads.txt	36123	36123	identity	6e49321d650c8fc3c6c4eeeb905bdc69075250d31e0c7068a840919ec93d240d	html	GSMG
20260114004053	https_gsmg.io_index.xml	36123	36123	identity	6e49321d650c8fc3c6c4eeeb905bdc69075250d31e0c7068a840919ec93d240d	html	GSMG
20260114004058	https_gsmg.io_.well-known_assetlinks.json	36123	36123	identity	6e49321d650c8fc3c6c4eeeb905bdc69075250d31e0c7068a840919ec93d240d	html	GSMG
20260114004107	https_gsmg.io_.well-known_security.txt	36123	36123	identity	6e49321d650c8fc3c6c4eeeb905bdc69075250d31e0c7068a840919ec93d240d	html	GSMG
20260114004121	https_gsmg.io_.well-known_ai-plugin.json	36123	36123	identity	6e49321d650c8fc3c6c4eeeb905bdc69075250d31e0c7068a840919ec93d240d	html	GSMG
20260114004121	https_gsmg.io_app-ads.txt	36123	36123	identity	6e49321d650c8fc3c6c4eeeb905bdc69075250d31e0c7068a840919ec93d240d	html	GSMG
20260116182312	https_gsmg.io_puzzle_5Cu003c_a_5Cu003e_5Cu003c_h2_5Cu003e_5Cu003ca	10243	36627	gzip	a599335a469e8ea3e46fecf6a2f4caf4d53c577802b13d02bbe1f3d2f8f43042	html	GSMG
20260118143401	https_gsmg.io_	36627	36627	identity	55fe38e9eee7d0c9b5abb2ffb5f25cb80ee1e740bb4c6d48700235b1360b7931	html	GSMG
20260126130117	https_gsmg.io_register_referral_1825f9deaa2d3d7fb3f0fc5ba0821e75_0A	36123	36123	identity	8d3050e9f7b871a84629e317b6de4ab8e3e85ad9483d3b2e7502911de377ebd7	html	GSMG
20260126223455	https_gsmg.io_js_app.js_id_5448dc911df095e71d33	390567	2387286	br	a56d7f2935eacbcc86a7910aa02a32d4ef0934cd4a1c307d81238762befa0f6a	js	
20260129071251	https_gsmg.io_css_app.css_id_3d440e507ce82e9e50f6	2511	23612	gzip	bb24ad837863b0b465d34fc384b40379fb910c2bcfdd8b607dcf057f5612cf3d	other	
20260129071251	https_gsmg.io_js_app.js_id_fae1701cb02aa16debe9	452699	2387286	gzip	a56d7f2935eacbcc86a7910aa02a32d4ef0934cd4a1c307d81238762befa0f6a	js	
20260129071251	https_gsmg.io_js_manifest.js_id_bb58468fac8d92ddbd39	1103	3876	gzip	cc4ecee51f2185c0cc81c6c9b6f53692125e7c2e1477c1d258da0c6191e146d7	js	
20260129071251	https_gsmg.io_js_vendor.js_id_df6f27b7abfd26c511cc	560492	2865512	gzip	a7952377c2acead0c73bd12a904f321326c75935589e3b6b7f7e7af7984ed17d	js	
20260129071251	https_gsmg.io_manifest.json	136	177	gzip	ba42744133eb03bd9dbea5141ab4f766908acce06562001e8bea78bfa85af2c0	other	
20260203001026	https_gsmg.io_89727c598b9cd1cf8873f27cb7057f050645ddb6a7a157a110239ac0152f6a32_5C	10236	36627	gzip	dc8068bd16282f95e924ce3c796f46802a29ded0f39140281128c3c6f6525e73	html	GSMG
20260203045019	https_gsmg.io_89727c598b9cd1cf8873f27cb7057f050645ddb6a7a157a110239ac0152f6a32_5Cu003c_a_5Cu003e_5Cu003c_p_5Cu003e_5Cn_5	10232	36627	gzip	8d949b1e143af73cd31956b726f9e31d8e9d083185ae684cd5b87b984982f9d9	html	GSMG
20260205025752	https_gsmg.io_	36123	36123	identity	704c0acce916e431ecac72368cb5c53dc7ac3cab2af891261b1629cb11274892	html	GSMG
20260205030128	https_gsmg.io_.well-known_assetlinks.json	36123	36123	identity	96be25884408566da5f615f98bec86e213e19b21ab796295f54ba3d1934f7653	html	GSMG
20260205030128	https_gsmg.io_.well-known_trust.txt	36123	36123	identity	96be25884408566da5f615f98bec86e213e19b21ab796295f54ba3d1934f7653	html	GSMG
20260205030129	https_gsmg.io_atom.xml	36123	36123	identity	96be25884408566da5f615f98bec86e213e19b21ab796295f54ba3d1934f7653	html	GSMG
20260205030131	https_gsmg.io_.well-known_dnt-policy.txt	36123	36123	identity	96be25884408566da5f615f98bec86e213e19b21ab796295f54ba3d1934f7653	html	GSMG
20260205030131	https_gsmg.io_feeds_all.atom.xml	36123	36123	identity	96be25884408566da5f615f98bec86e213e19b21ab796295f54ba3d1934f7653	html	GSMG
20260205030132	https_gsmg.io_feed_	36123	36123	identity	96be25884408566da5f615f98bec86e213e19b21ab796295f54ba3d1934f7653	html	GSMG
20260205030137	https_gsmg.io_feed.xml	36123	36123	identity	96be25884408566da5f615f98bec86e213e19b21ab796295f54ba3d1934f7653	html	GSMG
20260205030138	https_gsmg.io_.well-known_ai-plugin.json	36123	36123	identity	96be25884408566da5f615f98bec86e213e19b21ab796295f54ba3d1934f7653	html	GSMG
20260205030138	https_gsmg.io_.well-known_nodeinfo	36123	36123	identity	96be25884408566da5f615f98bec86e213e19b21ab796295f54ba3d1934f7653	html	GSMG
20260205030138	https_gsmg.io_.well-known_openid-configuration	36123	36123	identity	96be25884408566da5f615f98bec86e213e19b21ab796295f54ba3d1934f7653	html	GSMG
20260205030138	https_gsmg.io_ads.txt	36123	36123	identity	96be25884408566da5f615f98bec86e213e19b21ab796295f54ba3d1934f7653	html	GSMG
20260205030142	https_gsmg.io_.well-known_gpc.json	36123	36123	identity	96be25884408566da5f615f98bec86e213e19b21ab796295f54ba3d1934f7653	html	GSMG
20260205030142	https_gsmg.io_index.xml	36123	36123	identity	96be25884408566da5f615f98bec86e213e19b21ab796295f54ba3d1934f7653	html	GSMG
20260207190055	https_gsmg.io_53616c7465645f5f74c974e3f92e64b59f7ea22a50dcb0d4289d176d4ce9dba7f99a695b8d0797b5	10584	36627	br	a9fc0f3cc0c843daf4083dcf786d72fcf31286c43609a310ee902ff1217cc7e8	html	GSMG
20260207190257	https_gsmg.io_choiceisanillusioncreatedbetweenthosewithpowerandthosewithoutaveryspecialdessert	10580	36627	br	33fe2948d5236d5e6fcc0bfe6249c3caa1f917ac9bed1bd1ef282eb1a6f78df9	html	GSMG
20260208004855	https_gsmg.io_phase1verification_5C	10234	36627	gzip	ab464b376cfd270c34c8708f9fc8658e796e43379450c7ab3c2c223e793b1d83	html	GSMG
20260208053702	https_gsmg.io_	10234	36627	gzip	f7cc4ca97ff8bc7c48a22840f19334d08324024f2fe5bc488a742754806c7d7b	html	GSMG
20260210185518	https_gsmg.io_	36627	36627	identity	60d851e7390a6433d0b0b887fe575d8c91170ae3f6c8c9890fdcd64e4ed8d864	html	GSMG
20260220172917	https_gsmg.io_puzzle_5Cu003c_a_5Cu003e_5Cu003c_li_5Cu003e_5Cn_5Cu003cli_5Cu003eThe	10234	36627	gzip	c097506fb7e8642f8a0d211c2419075bd0e4c9c2013bc7f7dc6371fedb6a5aef	html	GSMG
20260221174841	https_gsmg.io_choiceisanillusioncreatedbetweenthosewithpowerandthosewithoutaveryspecialdessertiwroteitmyself_5C	10232	36627	gzip	cdcc03f691c1fe942c1e02d80ef5ea07d564c9289117d7038adb8ec2568163f6	html	GSMG
20260225170834	https_gsmg.io_puzzle_5C	10232	36627	gzip	8e6d3d2393720b03d8bacc6bbbfbd9c4efa4491797be7501e77567c91126b340	html	GSMG
20260302163508	https_gsmg.io_phase1verification	10236	36627	gzip	f9df7aee15de2cd0f3bc872ea938a83d6abaf078dfa29eb89dfddd377f594fb2	html	GSMG
20260302163509	https_gsmg.io_js_app.js_id_fae1701cb02aa16debe9	452699	2387286	gzip	a56d7f2935eacbcc86a7910aa02a32d4ef0934cd4a1c307d81238762befa0f6a	js	
20260302163509	https_gsmg.io_js_vendor.js_id_df6f27b7abfd26c511cc	560851	2865512	gzip	a7952377c2acead0c73bd12a904f321326c75935589e3b6b7f7e7af7984ed17d	js	
20260304080757	https_gsmg.io_phase1verification_5Cu003c_a_5Cu003e_5C	10238	36627	gzip	01d1c745c463fe61e8c9419a2477995b934a681c878081ab086167190648cd76	html	GSMG
20260304143019	https_gsmg.io_89727c598b9cd1cf8873f27cb7057f050645ddb6a7a157a110239ac0152f6a32_5Cu003c_a_5Cu003e	10242	36627	gzip	185d653a7810426922a945b1ecb9226d4dd1dd089222704637896686fc36c606	html	GSMG
20260305014209	https_gsmg.io_js_app.js_id_162aeb72d66b5d9d855c	390858	2387286	br	a56d7f2935eacbcc86a7910aa02a32d4ef0934cd4a1c307d81238762befa0f6a	js	
20260307062551	https_gsmg.io_	36627	36627	identity	b0056afad41690f7e0c9410b9c0aaea267e59b859f1ce56c362e6a0b7435a0b6	html	GSMG
20260307213534	https_gsmg.io_register_referral_c0648a0862d51170582499d7cbd3b45b	10522	36627	br	de262948d38c0a034203f8e3b3457be4f8fec779e367e98f01a76c0048f4b759	html	GSMG
20260308184655	https_gsmg.io_puzzle_5Cu003c_a_5Cu003e_5Cu003c_h2_5Cu003e_5Cu003ca	10239	36627	gzip	69890e7b1cd39ba63e091cda3f828ef2cb4989e741e818f491a3d72b833a1fef	html	GSMG
20260310083226	https_gsmg.io_c1780cbbaa105784949cd6a2924e1f51a947b4258a0655defd0cd2e6f6544046	10186	36627	gzip	93b9286cb1eaf03d3a7335ad61196210351c24f903bcfc4aa8b1a6762aa8b228	html	GSMG
20260310083227	https_gsmg.io_css_app.css_id_3d440e507ce82e9e50f6	2511	23612	gzip	bb24ad837863b0b465d34fc384b40379fb910c2bcfdd8b607dcf057f5612cf3d	other	
20260310083228	https_gsmg.io_js_vendor.js_id_df6f27b7abfd26c511cc	561114	2865512	gzip	a7952377c2acead0c73bd12a904f321326c75935589e3b6b7f7e7af7984ed17d	js	
20260310083229	https_gsmg.io_0b0f37ecaf7107f86ee2f477992f25bc7abe8f799d0dd713658c17d37496ee32	10222	36627	gzip	c81ed43f7169e9418a17f20034645f9e729a337160e08d6689b4a880567631aa	html	GSMG
20260310083230	https_gsmg.io_img_divider.svg	134	153	gzip	ada48a8d836e91831096f30c1aee88d00f665adb49418d85b8fb8e0e27bd11e4	svg	
20260310083230	https_gsmg.io_img_favicon_small.svg	446	885	gzip	005da0bb8fb64abd76d6b5c203f68cb6b2b80daa99b3b6e40ba1ee3b85e8edb4	svg	
20260310083230	https_gsmg.io_img_menu_burger_menu.svg	181	223	gzip	190dc3c05b6802bc02c3aebfadb41ecca91527e14f0bfd42e0c401b1c9c7f571	svg	
20260310083230	https_gsmg.io_img_menu_global_statistics.svg	531	1043	gzip	e9cd2688335552b37fb1b3c7fcf6d574ce552cab6efbd678f4885cb6d47e72e4	svg	
20260310083230	https_gsmg.io_img_menu_help_center.svg	334	723	gzip	41bf1cd55a0035ee6a7b0919957281274eef9f61edd9129b3af1c3cf6344d604	svg	
20260310083252	https_gsmg.io_10d6a2c5320bfbd47d35f18dd67f177ae5a5f4b5d18a8a5127361c2941a92908	10243	36627	gzip	2354eed7e14504424fb1410588e51054d9a7ad6739bffc3cd0c1584ef72e0df9	html	GSMG
20260310083330	https_gsmg.io_hopeitisthequintessentialhumandelusion	10241	36627	gzip	317f40961552160cb318d1fb8a56b666984f42ede03e0b70f8abb75c2c291cf3	html	GSMG
20260310083345	https_gsmg.io_hopeisthequintessentialhumandelusionsimultaneouslythesourceofyourgreateststrengthandyourgreatestweakness	10243	36627	gzip	aabb98dda465e2f26fa02d865e7b1bb59167ddedb13abd9bea9982752cb8f33d	html	GSMG
20260310083358	https_gsmg.io_hopeisthequintessentialhumandelusion	10241	36627	gzip	bcf874f69007cea0fb301cd76374f49a01d9caaeed0176c40c49559eb343e7a5	html	GSMG
20260310083434	https_gsmg.io_humphhopeisthequintessentialhumandelusionsimultaneouslythesourceofyourgreateststrengthandyourgreatestweakn	10183	36627	gzip	9e4f3eb82f3ffa16d3df7fb5d4c3946f48bca5c999c04bb75e136df4daa40572	html	GSMG
20260310100221	https_gsmg.io_pdf_20210625_20-_20Privacy_20Policy_20GSMG_20v.1.0.pdf	112902	112902	identity	54bf68f8f76da313d354bf8d662dfc7a8e0ffbfa6da9fe7c4f2408d5e3e725a9	pdf	
20260310100326	https_gsmg.io_pdf_20210625_20-_20General_20terms_20and_20Conditions_20GSMG_20v._201.0.pdf	107281	107281	identity	e34a3f823e895cc93c5e6801269aa9e944bd509430b028be870b37e737db48b7	pdf	
20260310150445	https_gsmg.io_register	10238	36627	gzip	19aa7e5462f6782dd743e904a9821876578eed361ee2463fbbd5e25034aba92d	html	GSMG
20260310174927	https_gsmg.io_	10237	36627	gzip	a69577e065e616fa03579a03c7a4f7495d70b6118aece4e31995b5846065b38d	html	GSMG
20260311102344	https_gsmg.io_login	10239	36627	gzip	fd4c2974483208a959ccb631bbd23781237abfeef531817e1c625e13fd916939	html	GSMG
20260311121915	https_gsmg.io_puzzle_	10240	36627	gzip	2204e7d05d99bcdd3f273f01fb3a33f8a04728cbdf865dfcc10f70515b636b1d	html	GSMG
20260323085610	https_gsmg.io_img_bg-tablet-left.jpg	33446	33446	identity	55e71e1e404796942679c492525733494216c5b98dd28dc2d39b483c00612dcd	jpg	
20260330141040	https_gsmg.io_merovingian	10551	36627	br	b5cb4659356890d15fdc38e0b998f6f26c86c4b90ab463b97c843ea632002b0d	html	GSMG
20260405154209	https_gsmg.io_choiceisanillusioncreatedbetweenthosewithpowerandthosewithoutaveryspecialdessertiwroteitmyself	7090	9902	gzip	7237ce18a62f16dc55d94a2594da4256543b7dc7b34e4e59783473c34c7fbf9b	html	GSMG Puzzle
20260405154227	https_gsmg.io_89727c598b9cd1cf8873f27cb7057f050645ddb6a7a157a110239ac0152f6a32	3029	5092	gzip	b13cbc5c2935dc3e9ff8bf71681f2ef61317fefdce04159129877244a92a3947	html	GSMG Puzzle
20260406200757	https_gsmg.io_img_favicon_small_night.svg	435	902	br	630b54224f29871fdd0df3b0e1b5a01b46fed5b00af002e17bb8a7f18a4ddf71	svg	
20260412232338	https_gsmg.io_	36627	36627	identity	ff799772f6832e975a10a3be7059de0503c05626e480b48e494a0ca8bb545c64	html	GSMG
20260418153911	https_gsmg.io_puzzle	29931	29931	identity	38125bbdf1ea58b9b30b075bc6bf71e4089d04bba37098317e47097e2f2a1830	png	
20260418153956	https_gsmg.io_	10245	36627	gzip	9f58df27a528d5d784755ad2389e249e2481c3c2eeda96f79b5339cf6f83313d	html	GSMG
20260418153956	https_gsmg.io_js_app.js_id_fae1701cb02aa16debe9	452641	2387286	gzip	a56d7f2935eacbcc86a7910aa02a32d4ef0934cd4a1c307d81238762befa0f6a	js	
20260418153956	https_gsmg.io_js_vendor.js_id_df6f27b7abfd26c511cc	561005	2865512	gzip	a7952377c2acead0c73bd12a904f321326c75935589e3b6b7f7e7af7984ed17d	js	
20260418153958	https_gsmg.io_api_v1_subscriptions	1641	26759	gzip	9729ebeb58f901560836f5c34e9a176d44efebb785f6f0d0487c0af63dbb53d2	other	
20260418153958	https_gsmg.io_img_front_bg.svg	3116	11228	gzip	5e4dac512b5198b5b6019e7b4082b40339675179d9b9dc8e626756a50b72c91c	svg	
20260418153959	https_gsmg.io_api_v1_subscriptions_market-features	447	1960	gzip	84ee91b1b986ec07a8d777b14f0ca144987b25376fb43a6a495225e59c4f1f9d	other	
20260418153959	https_gsmg.io_img_front_easy.svg	1015	2229	gzip	3b50fb0c5f5420e326d743d6f83bdb543bf513b7f8b3e4ab0ff1300ea794414b	svg	
20260418153959	https_gsmg.io_img_front_fee.svg	609	1431	gzip	3e02bd761786851c037bd0651a58657cfef574b955da29fb075666f6a7387def	svg	
20260418153959	https_gsmg.io_img_front_safe.svg	599	1177	gzip	0395c717824957f020e1f0c9e50b2710b4dafafbd672afc9d55e88c7489f8b90	svg	
20260418153959	https_gsmg.io_img_front_stress.svg	440	964	gzip	bd4d180285af33f2ec642e13e09a9414a045f570c78f830e5029031db43881fd	svg	
20260418153959	https_gsmg.io_img_front_top_gsmg.svg	3060	7189	gzip	4dcbc1a1ce8e97f8f1bdbb57d765f96dcf5fec582ec89d171b039424b87ceee0	svg	
20260418154000	https_gsmg.io_img_front_binance.svg	1922	4359	gzip	9c3029787d79e7c64f89b14bf87584f0f668b048bd3f3da152a432b236f0b5be	svg	
20260418154010	https_gsmg.io_login	10842	36627	zstd	d87d8658686d4c4815d1de71a533bf6d7f690adcf47be0a271320b46850e617e	html	GSMG
20260418154010	https_gsmg.io_register	10843	36627	zstd	9984dd884a533714fb3343291605489f99e76e908b5b4b0e1d29c0ad2dc7f181	html	GSMG
20260418154011	https_gsmg.io_css_app.css_id_3d440e507ce82e9e50f6	3041	23612	zstd	bb24ad837863b0b465d34fc384b40379fb910c2bcfdd8b607dcf057f5612cf3d	other	
20260418154011	https_gsmg.io_js_app.js_id_fae1701cb02aa16debe9	405547	2387286	zstd	a56d7f2935eacbcc86a7910aa02a32d4ef0934cd4a1c307d81238762befa0f6a	js	
20260418154011	https_gsmg.io_js_manifest.js_id_bb58468fac8d92ddbd39	1189	3876	zstd	cc4ecee51f2185c0cc81c6c9b6f53692125e7c2e1477c1d258da0c6191e146d7	js	
20260418154011	https_gsmg.io_js_vendor.js_id_df6f27b7abfd26c511cc	592501	2865512	zstd	a7952377c2acead0c73bd12a904f321326c75935589e3b6b7f7e7af7984ed17d	js	
20260418154011	https_gsmg.io_manifest.json	130	177	zstd	ba42744133eb03bd9dbea5141ab4f766908acce06562001e8bea78bfa85af2c0	other	
20260418154030	https_gsmg.io_phase1	10189	36627	gzip	a2f6b3b1542f00acd94e72ab182fdf94f7ad654964c1fa22d77af387d6f6e296	html	GSMG
20260418154043	https_gsmg.io_	10838	36627	zstd	f78652270698e55b51d4734d44bd01d84357c5c9809c7e80b3969053fa57261f	html	GSMG
20260418154051	https_gsmg.io_phase2	10243	36627	gzip	f974ed684c23d2aca3b4435205335a9499731df501efbc7652f241dcba91d6f9	html	GSMG
20260418154138	https_gsmg.io_phase3	10242	36627	gzip	3a83b5707b095da4450fa24b3cd8dc8d7c5f55177f1682af706424bf83101ce9	html	GSMG
20260418154159	https_gsmg.io_phase3_2_2	10183	36627	gzip	c179a0d499101adfd458f69bd22035e9e323782eb239c10321697e8a37958d12	html	GSMG
20260418154220	https_gsmg.io_phase3_2_2_2	10185	36627	gzip	6d7ecf7549118fc71bb7c8fe19c0c5ebf4f706d69122177995f8a8f5a0d41303	html	GSMG
20260418154537	https_gsmg.io_followthewhiterabbit	10186	36627	gzip	a6978d627f65672361c489acdf6fb9c64394399039b8c0dc3d6f346cd19aab57	html	GSMG
20260424140948	https_gsmg.io_89727c598b9c	10187	36627	gzip	e2a2a200ddbc33ab42f8b05f8c93a111963b79f50c191382c76a5bba75b7b9f1	html	GSMG
20260602195408	https_gsmg.io_cdn-cgi_styles_main.css	2176	8013	gzip	d30b4ea6f68456672f5abb35e9dcf7d54226372b66e9d60a7ee26b7a52568e74	other	
20260707104216	https_gsmg.io_	563	1032	gzip	9db3c436916c549644712fe6cb463e0bfb34f3e337b847f8a26399758cf3bf7f	html	gsmg.io
20260707104217	https_gsmg.io_favicon.ico	570	1065	gzip	2e28bd0b92d0cb7c5c6c79e91172483bcae1d08066040478387d222e4565a81c	html	gsmg.io
20260707104217	https_gsmg.io_js_fingerprint_iife.min.js	34240	34240	identity	c6bc28686490aba34a53ab3b709afa1fd73c21e60feb25608b09f23efe170089	js	
20260707104217	https_gsmg.io_tr_uuid_20260707-2042-1654-ab5d-8540b2ba897d_fp_eb8d0a4e7a4a973680a54c5948253d1d	227	287	gzip	74b361f686f02bf4a617f2111359a7422adb0e01cf5d35503654f6fcd6b014a4	html	gsmg.io
20260708020344	https_gsmg.io_4f7a1e4efe4bf6c5581e32505c019657cb7b030e90232d33f011aca6a5e9c081	613	1224	gzip	551e47d7187cb04545caf2a8a0f7ee2d14cbc067dbbc06154fb26920625a89d0	html	gsmg.io
20260708020345	https_gsmg.io_4f7a1e4efe4bf6c5581e32505c019657cb7b030e90232d33f011aca6a5e9c081_tr_uuid_20260708-1203-45d4-baf9-445cb8cf5	227	287	gzip	74b361f686f02bf4a617f2111359a7422adb0e01cf5d35503654f6fcd6b014a4	html	gsmg.io
20260708020345	https_gsmg.io_favicon.ico	569	1065	gzip	fceb43efe32f507b6e1b65715608a129c58e54e362c71c79e838e82731e6a4a5	html	gsmg.io
20260718125832	https_gsmg.io_cdn-cgi_rum	227	287	gzip	74b361f686f02bf4a617f2111359a7422adb0e01cf5d35503654f6fcd6b014a4	html	gsmg.io
20260719153519	https_gsmg.io_._20_20_20_20_20_2A_20_20_20_20function_20baseInRange_number_20start_20end_20_7B_20_20_20_20_20_20return_2	690	1935	gzip	0597384a5fa5f7c04be0bd092c02d9671ebec90e9aede306a59e6efdba763e01	html	gsmg.io
20260719153654	https_gsmg.io_._20_20_20_20_20_2A_20_20_20_20function_20compareMultiple_object_20other_20orders_20_7B_20_20_20_20_20_20v	861	4029	gzip	9734a30f6d2227e433944c2f48373dda2ed9da047ecdd5301556029d629c348e	html	gsmg.io
20260809212018	https_gsmg.io_choiceisanillusioncreatedbetweenthosewithpowerandthosewithout	598	1215	gzip	4fd6ed9431e061f719a52da2eac636d0320a25765512a261dc4fbe11997361e1	html	gsmg.io
20260819124622	https_gsmg.io_	35785	35785	identity	2f896807a859e2f71a2f6e1e8277986af73b80dc0dd79a685a67c7f7f8c3303b	html	GSMG | GSMG
20260819124623	https_gsmg.io_img_logo_GSMG_restored.png	8128	8128	identity	1843afbb251b556e4251d4ff0fdb739d84bece92a4a0cc33cd438f3c81c40ce5	png	
20260830092026	https_gsmg.io_font_vt323-regular.ttf	149688	149688	identity	cee34b1d391e4b77b07b514f2c9c98fb2f60b49d4936fde107d212cceac5e012	font	
20260830092026	https_gsmg.io_img_logo_GSMG.png	8590	8590	identity	073446e9259530c329bc148cef57813edae6c92e459d781afbfab331609dc718	png	
20260830092027	https_gsmg.io_img_favicon.png	4269	4269	identity	ca079023065e3d92167d0040987087decb2ddee9308e9ea763556f255ff5d9ec	png	
